[{"model": "base.tag", "pk": 1, "fields": {"name": "playlist", "title": "\u041f\u043b\u0435\u0439\u043b\u0438\u0441\u0442\u044b"}}, {"model": "base.tag", "pk": 2, "fields": {"name": "course", "title": "\u041a\u0443\u0440\u0441\u044b"}}, {"model": "base.tag", "pk": 3, "fields": {"name": "recources", "title": "\u0420\u0435\u0441\u0443\u0440\u0441\u044b"}}, {"model": "base.tag", "pk": 4, "fields": {"name": "massmedia", "title": "\u0421\u041c\u0418"}}, {"model": "base.tag", "pk": 5, "fields": {"name": "lectures", "title": "\u041b\u0435\u043a\u0446\u0438\u0438"}}, {"model": "base.tag", "pk": 6, "fields": {"name": "events", "title": "\u041c\u0435\u0440\u043e\u043f\u0440\u0438\u044f\u0442\u0438\u044f"}}, {"model": "base.tag", "pk": 7, "fields": {"name": "etudes", "title": "\u042d\u0442\u044e\u0434\u044b"}}, {"model": "base.area", "pk": 1, "fields": {"name": "gametheory", "title": "\u0422\u0435\u043e\u0440\u0438\u044f \u0438\u0433\u0440"}}, {"model": "base.area", "pk": 2, "fields": {"name": "geometry", "title": "\u0413\u0435\u043e\u043c\u0435\u0442\u0440\u0438\u044f"}}, {"model": "base.area", "pk": 3, "fields": {"name": "statistics", "title": "\u0421\u0442\u0430\u0442\u0438\u0441\u0442\u0438\u043a\u0430"}}, {"model": "base.area", "pk": 4, "fields": {"name": "groups", "title": "\u0422\u0435\u043e\u0440\u0438\u044f \u0433\u0440\u0443\u043f\u043f"}}, {"model": "base.area", "pk": 5, "fields": {"name": "numbertheory", "title": "\u0422\u0435\u043e\u0440\u0438\u044f \u0447\u0438\u0441\u0435\u043b"}}, {"model": "base.area", "pk": 6, "fields": {"name": "matan", "title": "\u041c\u0430\u0442\u0430\u043d\u0430\u043b\u0438\u0437"}}, {"model": "base.area", "pk": 7, "fields": {"name": "linal", "title": "\u041b\u0438\u043d\u0430\u043b"}}, {"model": "base.area", "pk": 8, "fields": {"name": "topology", "title": "\u0422\u043e\u043f\u043e\u043b\u043e\u0433\u0438\u044f"}}, {"model": "base.area", "pk": 9, "fields": {"name": "drivetheory", "title": "\u0422\u0435\u043e\u0440\u0438\u044f \u0443\u043f\u0440\u0430\u0432\u043b\u0435\u043d\u0438\u044f"}}, {"model": "base.area", "pk": 10, "fields": {"name": "algebra", "title": "\u0410\u043b\u0433\u0435\u0431\u0440\u0430"}}, {"model": "base.area", "pk": 11, "fields": {"name": "graphtheory", "title": "\u0422\u0435\u043e\u0440\u0438\u044f \u0433\u0440\u0430\u0444\u043e\u0432"}}, {"model": "base.area", "pk": 12, "fields": {"name": "economics", "title": "\u042d\u043a\u043e\u043d\u043e\u043c\u0438\u043a\u0430"}}, {"model": "base.area", "pk": 13, "fields": {"name": "auctiontheory", "title": "\u0422\u0435\u043e\u0440\u0438\u044f \u0430\u0443\u043a\u0446\u0438\u043e\u043d\u043e\u0432"}}, {"model": "base.area", "pk": 14, "fields": {"name": "popular", "title": "\u041f\u043e\u043f\u0443\u043b\u044f\u0440\u043d\u0430\u044f \u043c\u0430\u0442\u0435\u043c\u0430\u0442\u0438\u043a\u0430"}}, {"model": "base.area", "pk": 15, "fields": {"name": "school", "title": "\u0428\u043a\u043e\u043b\u044c\u043d\u0438\u043a\u0430\u043c"}}, {"model": "base.url", "pk": 2, "fields": {"url": "http://childrenscience.ru/courses/#filter%3A%22%5B%5B100%20%D0%BB%D0%B5%D0%BA%D1%86%D0%B8%D0%B9%20%D0%BF%D0%BE%20%D0%BC%D0%B0%D1%82%D0%B5%D0%BC%D0%B0%D1%82%D0%B8%D0%BA%D0%B5%5D%5D%22", "title": "\u041e\u043d\u043b\u0430\u0439\u043d-\u043e\u0431\u0440\u0430\u0437\u043e\u0432\u0430\u043d\u0438\u0435 \u0434\u043b\u044f \u0448\u043a\u043e\u043b\u044c\u043d\u0438\u043a\u043e\u0432 - \u0414\u0435\u0442\u0438 \u0438 \u043d\u0430\u0443\u043a\u0430", "many_tag": [], "areas": [15]}}, {"model": "base.url", "pk": 3, "fields": {"url": "http://erazvitie.org/article/nauk_carica._nauk_sluzhanka", "title": "\u041d\u0430\u0443\u043a \u0446\u0430\u0440\u0438\u0446\u0430. \u041d\u0430\u0443\u043a \u0441\u043b\u0443\u0436\u0430\u043d\u043a\u0430...", "many_tag": [4], "areas": [14]}}, {"model": "base.url", "pk": 4, "fields": {"url": "http://gostovo.ru/blog/sivoded/savvateev-a-1-aprelya-/", "title": "\u0416\u043e\u0441\u0442\u043e\u0432\u043e 01/04/2017", "many_tag": [4], "areas": []}}, {"model": "base.url", "pk": 6, "fields": {"url": "http://kaz.rs.gov.ru/ru/news/11615", "title": "\u0420\u043e\u0441\u0441\u0438\u0439\u0441\u043a\u0438\u0439 \u0446\u0435\u043d\u0442\u0440 \u043d\u0430\u0443\u043a\u0438 \u0438 \u043a\u0443\u043b\u044c\u0442\u0443\u0440\u044b \u0432 \u0410\u0441\u0442\u0430\u043d\u0435", "many_tag": [4], "areas": []}}, {"model": "base.url", "pk": 7, "fields": {"url": "http://kyky.org/life/profanatsii-budet-vsyo-bolshe-sharlatanov-i-psihov-tozhe-beseda-dvuh-matematikov-o-matematike", "title": "\u00ab\u041f\u0440\u043e\u0444\u0430\u043d\u0430\u0446\u0438\u0438 \u0431\u0443\u0434\u0435\u0442 \u0432\u0441\u0451 \u0431\u043e\u043b\u044c\u0448\u0435, \u0448\u0430\u0440\u043b\u0430\u0442\u0430\u043d\u043e\u0432 \u0438 \u043f\u0441\u0438\u0445\u043e\u0432 \u2013 \u0442\u043e\u0436\u0435\u00bb. \u0411\u0435\u0441\u0435\u0434\u0430 \u0434\u0432\u0443\u0445 \u043c\u0430\u0442\u0435\u043c\u0430\u0442\u0438\u043a\u043e\u0432 \u043e \u043c\u0430\u0442\u0435\u043c\u0430\u0442\u0438\u043a\u0435 - KYKY.ORG", "many_tag": [4], "areas": []}}, {"model": "base.url", "pk": 8, "fields": {"url": "http://lectoriy.mipt.ru/course/Maths-DiophantineEquations-15L#lectures", "title": "\u0414\u0438\u043e\u0444\u0430\u043d\u0442\u043e\u0432\u044b \u0443\u0440\u0430\u0432\u043d\u0435\u043d\u0438\u044f | \u0412\u0438\u0434\u0435\u043e\u043b\u0435\u043a\u0446\u0438\u0438 \u0424\u0438\u0437\u0442\u0435\u0445\u0430: \u041b\u0435\u043a\u0442\u043e\u0440\u0438\u0439 \u041c\u0424\u0422\u0418 - \u0432\u0438\u0434\u0435\u043e\u043b\u0435\u043a\u0446\u0438\u0438 \u043f\u043e \u0444\u0438\u0437\u0438\u043a\u0435, \u043c\u0430\u0442\u0435\u043c\u0430\u0442\u0438\u043a\u0435, \u0431\u0438\u043e\u043b\u043e\u0433\u0438\u0438, \u0431\u0438\u043e\u0438\u043d\u0444\u043e\u0440\u043c\u0430\u0442\u0438\u043a\u0435, \u0438\u043d\u0444\u043e\u0440\u043c\u0430\u0442\u0438\u043a\u0435 \u0438 \u0434\u0440\u0443\u0433\u0438\u043c \u0434\u0438\u0441\u0446\u0438\u043f\u043b\u0438\u043d\u0430\u043c", "many_tag": [2], "areas": [5]}}, {"model": "base.url", "pk": 9, "fields": {"url": "http://lectoriy.mipt.ru/lecturer/SavvateevAV", "title": "\u0421\u0430\u0432\u0432\u0430\u0442\u0435\u0435\u0432 \u0410\u043b\u0435\u043a\u0441\u0435\u0439 \u0412\u043b\u0430\u0434\u0438\u043c\u0438\u0440\u043e\u0432\u0438\u0447 | \u0412\u0438\u0434\u0435\u043e\u043b\u0435\u043a\u0446\u0438\u0438 \u0424\u0438\u0437\u0442\u0435\u0445\u0430: \u041b\u0435\u043a\u0442\u043e\u0440\u0438\u0439 \u041c\u0424\u0422\u0418 - \u0432\u0438\u0434\u0435\u043e\u043b\u0435\u043a\u0446\u0438\u0438 \u043f\u043e \u0444\u0438\u0437\u0438\u043a\u0435, \u043c\u0430\u0442\u0435\u043c\u0430\u0442\u0438\u043a\u0435, \u0431\u0438\u043e\u043b\u043e\u0433\u0438\u0438, \u0431\u0438\u043e\u0438\u043d\u0444\u043e\u0440\u043c\u0430\u0442\u0438\u043a\u0435, \u0438\u043d\u0444\u043e\u0440\u043c\u0430\u0442\u0438\u043a\u0435 \u0438 \u0434\u0440\u0443\u0433\u0438\u043c \u0434\u0438\u0441\u0446\u0438\u043f\u043b\u0438\u043d\u0430\u043c", "many_tag": [3], "areas": []}}, {"model": "base.url", "pk": 10, "fields": {"url": "http://m.pikabu.ru/story/ponyat_za_12_minut_kogda_teoriya_igr_pobezhdaet_zdravyiy_smyisl_5185737", "title": "12 :", "many_tag": [4], "areas": []}}, {"model": "base.url", "pk": 11, "fields": {"url": "http://mel.fm/blog/aleksey-lyubzhin/93480-tver-kak-tsentr-prosveshcheniya-v-epokhu-yekateriny-ii", "title": "\u041a\u0430\u043a \u0422\u0432\u0435\u0440\u044c \u0441\u0442\u0430\u043b\u0430 \u0446\u0435\u043d\u0442\u0440\u043e\u043c \u043f\u0440\u043e\u0441\u0432\u0435\u0449\u0435\u043d\u0438\u044f \u0432\u00a0\u044d\u043f\u043e\u0445\u0443 \u0415\u043a\u0430\u0442\u0435\u0440\u0438\u043d\u044b \u0412\u0442\u043e\u0440\u043e\u0439 | \u041c\u0435\u043b", "many_tag": [4], "areas": []}}, {"model": "base.url", "pk": 13, "fields": {"url": "http://radio.mediametrics.ru/Silovoy_blok/46273/", "title": "\u0418\u043d\u0442\u0435\u043b\u043b\u0435\u043a\u0442\u0443\u0430\u043b\u044c\u043d\u044b\u0439 \u0441\u043f\u0435\u0446\u043d\u0430\u0437 -  \u0420\u0430\u0434\u0438\u043e \u041c\u0435\u0434\u0438\u0430\u043c\u0435\u0442\u0440\u0438\u043a\u0441 - \u041c\u043e\u0441\u043a\u0432\u0430", "many_tag": [4], "areas": []}}, {"model": "base.url", "pk": 14, "fields": {"url": "http://ruskline.ru/news_rl/2016/10/20/v_universitete_dimitriya_pozharskogo_budut_gotovit_intellektualnyj_specnaz/", "title": "\u0412 \u0423\u043d\u0438\u0432\u0435\u0440\u0441\u0438\u0442\u0435\u0442\u0435 \u0414\u0438\u043c\u0438\u0442\u0440\u0438\u044f \u041f\u043e\u0436\u0430\u0440\u0441\u043a\u043e\u0433\u043e \u0431\u0443\u0434\u0443\u0442 \u0433\u043e\u0442\u043e\u0432\u0438\u0442\u044c \u00ab\u0438\u043d\u0442\u0435\u043b\u043b\u0435\u043a\u0442\u0443\u0430\u043b\u044c\u043d\u044b\u0439 \u0441\u043f\u0435\u0446\u043d\u0430\u0437\u00bb", "many_tag": [4], "areas": []}}, {"model": "base.url", "pk": 15, "fields": {"url": "http://stuff.lectoriy.mipt.ru/Maths-Groups&Geometry-L/170216.01.02.10.00.mp4", "title": "\u0413\u0440\u0443\u043f\u043f\u044b \u0438 \u0433\u0435\u043e\u043c\u0435\u0442\u0440\u0438\u044f", "many_tag": [2], "areas": [2, 4]}}, {"model": "base.url", "pk": 16, "fields": {"url": "http://stuff.lectoriy.ru/savva_tr/linal.mp4", "title": "\u041b\u0438\u043d\u0430\u043b \u0438 \u043c\u0430\u0442\u0430\u043d", "many_tag": [1, 5], "areas": [6, 7]}}, {"model": "base.url", "pk": 17, "fields": {"url": "http://usdp.ru/savva.html", "title": "\u041b\u0435\u043a\u0446\u0438\u0438 \u043d\u0430 \u0441\u0430\u0439\u0442\u0435 \u0423\u0414\u041f", "many_tag": [3], "areas": []}}, {"model": "base.url", "pk": 18, "fields": {"url": "http://www.karavan.tver.ru/news/19666", "title": "\u041a\u0430\u0440\u0430\u0432\u0430\u043d +\u042f / \u041d\u043e\u0432\u043e\u0441\u0442\u0438", "many_tag": [4], "areas": []}}, {"model": "base.url", "pk": 19, "fields": {"url": "http://www.mathnet.ru/present10545", "title": "\u041e\u0441\u043d\u043e\u0432\u043d\u044b\u0435 \u0442\u0435\u043e\u0440\u0435\u043c\u044b \u0442\u0435\u043e\u0440\u0438\u0438 \u0438\u0433\u0440", "many_tag": [3, 5], "areas": [1]}}, {"model": "base.url", "pk": 20, "fields": {"url": "http://www.ng.ru/education/2016-09-13/8_fundamental.html", "title": "\u041e\u0431\u0440\u0430\u0437\u043e\u0432\u0430\u043d\u0438\u0435 \u043c\u043e\u0436\u0435\u0442 \u0431\u044b\u0442\u044c \u0442\u043e\u043b\u044c\u043a\u043e \u0444\u0443\u043d\u0434\u0430\u043c\u0435\u043d\u0442\u0430\u043b\u044c\u043d\u044b\u043c / \u041e\u0431\u0440\u0430\u0437\u043e\u0432\u0430\u043d\u0438\u0435 / \u041d\u0435\u0437\u0430\u0432\u0438\u0441\u0438\u043c\u0430\u044f \u0433\u0430\u0437\u0435\u0442\u0430", "many_tag": [4], "areas": []}}, {"model": "base.url", "pk": 21, "fields": {"url": "http://www.ng.ru/education/2016-10-25/8_6843_professura.html", "title": "\u041d\u0430\u0441\u043a\u043e\u043b\u044c\u043a\u043e \u043c\u043e\u0436\u0435\u0442 \u0431\u044b\u0442\u044c \u0441\u0432\u043e\u0431\u043e\u0434\u043d\u0430 \u043f\u0440\u043e\u0444\u0435\u0441\u0441\u0443\u0440\u0430 \u043e\u0442 \u0433\u043e\u0441\u0443\u0434\u0430\u0440\u0441\u0442\u0432\u0430 / \u041e\u0431\u0440\u0430\u0437\u043e\u0432\u0430\u043d\u0438\u0435 / \u041d\u0435\u0437\u0430\u0432\u0438\u0441\u0438\u043c\u0430\u044f \u0433\u0430\u0437\u0435\u0442\u0430", "many_tag": [4], "areas": []}}, {"model": "base.url", "pk": 22, "fields": {"url": "http://www.radiorus.ru/brand/episode/id/60510/episode_id/1335132/", "title": "\u0420\u0430\u0434\u0438\u043e \u0420\u043e\u0441\u0441\u0438\u0438", "many_tag": [4], "areas": []}}, {"model": "base.url", "pk": 23, "fields": {"url": "http://www.rusrep.ru/article/2013/07/17/igry/", "title": "\u041d\u0430\u0443\u043a\u0430: 10 \u0433\u043b\u0430\u0432\u043d\u044b\u0445 \u0438\u0433\u0440, \u0432 \u043a\u043e\u0442\u043e\u0440\u044b\u0435 \u043c\u0430\u0442\u0435\u043c\u0430\u0442\u0438\u043a\u0438 \u0438\u0433\u0440\u0430\u044e\u0442 \u0441 \u043d\u0430\u0448\u0438\u043c \u0443\u043c\u043e\u043c \u0438 \u0441\u043e\u0432\u0435\u0441\u0442\u044c\u044e", "many_tag": [4], "areas": []}}, {"model": "base.url", "pk": 24, "fields": {"url": "http://www.tver.kp.ru/daily/26597.4/3612219/", "title": "\u00ab\u041f\u0440\u043e\u0444\u0435\u0441\u0441\u0438\u043e\u043d\u0430\u043b\u044c\u043d\u043e \u043f\u043e\u0434\u0433\u043e\u0442\u043e\u0432\u043b\u0435\u043d\u043d\u044b\u0445 \u043c\u043d\u043e\u0433\u043e. \u041e\u0431\u0440\u0430\u0437\u043e\u0432\u0430\u043d\u043d\u044b\u0445 \u043b\u044e\u0434\u0435\u0439 \u0432 \u0420\u043e\u0441\u0441\u0438\u0438 \u043f\u043e\u0447\u0442\u0438 \u043d\u0435\u0442\u00bb", "many_tag": [4], "areas": []}}, {"model": "base.url", "pk": 25, "fields": {"url": "http://www.usdp.ru/donate/", "title": "\u0414\u043e\u043d\u0435\u0439\u0448\u043d", "many_tag": [3], "areas": []}}, {"model": "base.url", "pk": 26, "fields": {"url": "http://youtube.com/watch?v=-GM3b5nnHwk", "title": "\u0410\u043b\u0435\u043a\u0441\u0435\u0439 \u0421\u0430\u0432\u0432\u0430\u0442\u0435\u0435\u0432 \u0438 \u0410\u043d\u0434\u0440\u0435\u0439 \u041b\u0435\u043e\u043d\u0438\u0434\u043e\u0432. \u0421\u0435\u0442\u0435\u0432\u044b\u0435 \u043c\u0430\u0442\u0435\u043c\u0430\u0442\u0438\u0447\u0435\u0441\u043a\u0438\u0435 \u043c\u043e\u0434\u0435\u043b\u0438 \u0438\u043d\u0442\u0435\u0440\u043d\u0435\u0442\u0430 \u0438 \u043c\u0435\u0436\u0431\u0430\u043d\u043a\u043e\u0432\u0441\u043a\u0438\u0445 \u0440\u044b\u043d\u043a\u043e\u0432 - YouTube", "many_tag": [5], "areas": [11]}}, {"model": "base.url", "pk": 27, "fields": {"url": "http://youtube.com/watch?v=-K3N3RMF-Jo", "title": "\u0414\u043e\u043a\u0430\u0437\u0430\u0442\u0435\u043b\u044c\u043d\u0430\u044f \u0433\u0435\u043e\u043c\u0435\u0442\u0440\u0438\u044f. \"\u042f\u043d\u0434\u0435\u043a\u0441-\u043b\u0435\u043a\u0446\u0438\u044f\" \u0410\u043b\u0435\u043a\u0441\u0435\u044f \u0421\u0430\u0432\u0432\u0430\u0442\u0435\u0435\u0432\u0430", "many_tag": [5], "areas": [2]}}, {"model": "base.url", "pk": 28, "fields": {"url": "http://youtube.com/watch?v=7jvLCFLndzQ", "title": "\u0426\u0435\u043f\u043d\u044b\u0435 \u0434\u0440\u043e\u0431\u0438 - \u0421\u0430\u0432\u0432\u0430\u0442\u0435\u0435\u0432 \u0410.\u0412 - YouTube", "many_tag": [5], "areas": [5]}}, {"model": "base.url", "pk": 29, "fields": {"url": "http://youtube.com/watch?v=BHWL49P8WT8", "title": "\u0410.\u0412. \u0421\u0430\u0432\u0432\u0430\u0442\u0435\u0435\u0432. \u041e\u0441\u043d\u043e\u0432\u043d\u044b\u0435 \u0442\u0435\u043e\u0440\u0435\u043c\u044b \u0442\u0435\u043e\u0440\u0438\u0438 \u0438\u0433\u0440 - YouTube", "many_tag": [5], "areas": [1]}}, {"model": "base.url", "pk": 30, "fields": {"url": "http://youtube.com/watch?v=CQhk68HkJOM", "title": "\u041a\u0440\u0443\u0433\u043b\u044b\u0439 \u0441\u0442\u043e\u043b  \u0422\u0435\u043c\u0430 '\u041a\u0440\u0438\u0437\u0438\u0441' - YouTube", "many_tag": [6], "areas": []}}, {"model": "base.url", "pk": 31, "fields": {"url": "http://youtube.com/watch?v=JpSqIVdIxKg", "title": "\u041c\u043e\u043b\u043e\u0434\u0430\u044f \u044d\u043a\u043e\u043d\u043e\u043c\u0438\u043a\u0430 (\u0410. \u0421\u0430\u0432\u0432\u0430\u0442\u0435\u0435\u0432) - YouTube", "many_tag": [5], "areas": [12]}}, {"model": "base.url", "pk": 32, "fields": {"url": "http://youtube.com/watch?v=TPM0M0ZFvWg", "title": "\u0421\u0430\u0432\u0432\u0430\u0442\u0435\u0435\u0432 \u0410.\u0412. - \u0417\u0430\u0434\u0430\u0447\u0430 \u043e \u043a\u043e\u043b\u043b\u0435\u043a\u0442\u0438\u0432\u043d\u043e\u0439 \u043e\u0442\u0432\u0435\u0442\u0441\u0442\u0432\u0435\u043d\u043d\u043e\u0441\u0442\u0438: \u043e\u0442 \u0442\u0435\u043e\u0440\u0438\u0438 \u0438\u0433\u0440 \u043a \u0442\u0435\u043e\u0440\u0438\u0438 \u0443\u043f\u0440\u0430\u0432\u043b\u0435\u043d\u0438\u044f - YouTube", "many_tag": [], "areas": [1, 9]}}, {"model": "base.url", "pk": 33, "fields": {"url": "http://youtube.com/watch?v=VByOzTAEtoY", "title": "\u0420\u0435\u0437\u0443\u043b\u044c\u0442\u0430\u0442\u044b \u0416\u0430\u043d\u0430 \u0422\u0438\u0440\u043e\u043b\u044f (\u0410\u043b\u0435\u043a\u0441\u0435\u0439 \u0421\u0430\u0432\u0432\u0430\u0442\u0435\u0435\u0432, \u042f\u043d\u0434\u0435\u043a\u0441, \u0420\u042d\u0428, \u0426\u042d\u041c\u0418 \u0420\u0410\u041d, \u041c\u0424\u0422\u0418, \u0418\u0413\u0423) - YouTube", "many_tag": [5], "areas": [12]}}, {"model": "base.url", "pk": 34, "fields": {"url": "http://youtube.com/watch?v=WS7hJcO0IN0", "title": "\u0410\u043b\u0435\u043a\u0441\u0435\u0439 \u0421\u0430\u0432\u0432\u0430\u0442\u0435\u0435\u0432  \u041b\u0435\u043a\u0446\u0438\u044f \u041c\u043e\u0434\u0435\u043b\u0438 \u0438\u043d\u0442\u0435\u0440\u043d\u0435\u0442\u0430 - YouTube", "many_tag": [5], "areas": [11]}}, {"model": "base.url", "pk": 35, "fields": {"url": "http://youtube.com/watch?v=XhwD9VO9eX8", "title": "\u041e \u043d\u043e\u0431\u0435\u043b\u0435\u0432\u0441\u043a\u0438\u0445 \u043b\u0430\u0443\u0440\u0435\u0430\u0442\u0430\u0445, \u0421\u0430\u0432\u0432\u0430\u0442\u0435\u0435\u0432 \u0432 \u0418\u0413\u0423 - YouTube", "many_tag": [5], "areas": [14]}}, {"model": "base.url", "pk": 36, "fields": {"url": "http://youtube.com/watch?v=fCIU07zg9HQ", "title": "\u0422\u0435\u043e\u0440\u0438\u044f \u0430\u0443\u043a\u0446\u0438\u043e\u043d\u043e\u0432. \u041d\u0430\u0438\u0431\u043e\u043b\u0435\u0435 \u0437\u043d\u0430\u0447\u0438\u043c\u044b\u0435 \u0434\u043e\u0441\u0442\u0438\u0436\u0435\u043d\u0438\u044f. \u0410. \u0421\u0430\u0432\u0432\u0430\u0442\u0435\u0435\u0432 - YouTube", "many_tag": [5], "areas": [13]}}, {"model": "base.url", "pk": 37, "fields": {"url": "http://youtube.com/watch?v=jY31VbSgvWo", "title": "\u0410. \u0421\u0430\u0432\u0432\u0430\u0442\u0435\u0435\u0432 \u0432 \u0418\u0413\u0422\u0423  \u0422\u0435\u043e\u0440\u0438\u044f \u044d\u043a\u043e\u043d\u043e\u043c\u0438\u0447\u0435\u0441\u043a\u043e\u0433\u043e \u0440\u0430\u0432\u043d\u043e\u0432\u0435\u0441\u0438\u044f - YouTube", "many_tag": [5], "areas": [1, 12]}}, {"model": "base.url", "pk": 38, "fields": {"url": "http://youtube.com/watch?v=rY6dUN74SPk", "title": "\u0421\u041e\u041c\u041c\u042d\u0421 \u0421\u0430\u0432\u0432\u0430\u0442\u0435\u0435\u0432 \u0410.\u0412. \u041c\u043d\u043e\u0433\u043e\u043c\u0435\u0440\u043d\u0430\u044f \u0433\u0438\u043f\u043e\u0442\u0435\u0437\u0430 \u0422\u044c\u0435\u0431\u0443: \u0422\u0435\u043e\u0440\u0435\u043c\u0430 \u0441\u0443\u0449\u0435\u0441\u0442\u0432\u043e\u0432\u0430\u043d\u0438\u044f \u0440\u0430\u0432\u043d\u043e\u0432\u0435\u0441\u0438\u044f - YouTube", "many_tag": [5, 6], "areas": [1]}}, {"model": "base.url", "pk": 39, "fields": {"url": "http://youtube.com/watch?v=slaH2Gu7Nn0", "title": "\u0410\u043b\u0435\u043a\u0441\u0435\u0439 \u0421\u0430\u0432\u0432\u0430\u0442\u0435\u0435\u0432. \u0412\u0435\u043b\u0438\u043a\u0438\u0435 \u043c\u0430\u0442\u0435\u043c\u0430\u0442\u0438\u0447\u0435\u0441\u043a\u0438\u0435 \u0440\u0435\u0432\u043e\u043b\u044e\u0446\u0438\u0438. - YouTube", "many_tag": [5], "areas": [14]}}, {"model": "base.url", "pk": 40, "fields": {"url": "http://youtube.com/watch?v=tpiDLOgX4WI", "title": "\u0410\u043b\u0435\u043a\u0441\u0435\u0439 \u0421\u0430\u0432\u0432\u0430\u0442\u0435\u0435\u0432. \u041e\u0440\u0434\u0438\u043d\u0430\u043b\u044c\u043d\u0430\u044f \u0441\u0440\u0430\u0432\u043d\u0438\u0442\u0435\u043b\u044c\u043d\u0430\u044f \u0441\u0442\u0430\u0442\u0438\u043a\u0430 - YouTube", "many_tag": [], "areas": []}}, {"model": "base.url", "pk": 41, "fields": {"url": "http://youtube.com/watch?v=wl8Ssge5uQM", "title": "\u0410\u043b\u0435\u043a\u0441\u0435\u0439 \u0421\u0430\u0432\u0432\u0430\u0442\u0435\u0435\u0432. \u0426\u0435\u043f\u043d\u044b\u0435 \u0434\u0440\u043e\u0431\u0438 \u0438 \u043a\u0432\u0430\u0434\u0440\u0430\u0442\u0438\u0447\u043d\u044b\u0435 \u0438\u0440\u0440\u0430\u0446\u0438\u043e\u043d\u0430\u043b\u044c\u043d\u043e\u0441\u0442\u0438 - YouTube", "many_tag": [5], "areas": [5]}}, {"model": "base.url", "pk": 42, "fields": {"url": "http://youtube.com/watch?v=z-pZB6keBh0", "title": "\u0410\u043b\u0435\u043a\u0441\u0435\u0439 \u0421\u0430\u0432\u0432\u0430\u0442\u0435\u0435\u0432: \"\u041c\u043e\u0434\u0435\u043b\u0438\u0440\u043e\u0432\u0430\u043d\u0438\u0435 \u0441\u043e\u0446\u0438\u0430\u043b\u044c\u043d\u044b\u0445 \u0441\u0435\u0442\u0435\u0439\"", "many_tag": [5], "areas": [11]}}, {"model": "base.url", "pk": 43, "fields": {"url": "http://zavtra.ru/blogs/authors/13906", "title": "\u0433\u0430\u0437\u0435\u0442\u0430 \u0417\u0430\u0432\u0442\u0440\u0430", "many_tag": [4], "areas": []}}, {"model": "base.url", "pk": 44, "fields": {"url": "http://zavtra.ru/blogs/banshik_i_latin_", "title": "\u0433\u0430\u0437\u0435\u0442\u0430 \u0417\u0430\u0432\u0442\u0440\u0430: \u0411\u043b\u043e\u0433: \u0411\u0430\u043d\u0449\u0438\u043a \u0438 \u043b\u0430\u0442\u044b\u043d\u044c", "many_tag": [4], "areas": []}}, {"model": "base.url", "pk": 46, "fields": {"url": "https://docs.google.com/spreadsheets/d/1Pes6ck7qpMZy0KimPNVZCOM7IABW23l0TCErCSanuSg/edit#gid=0", "title": "\u0420\u0430\u0437\u0431\u0438\u0432\u043a\u0430 \u0413\u0435\u043e\u043c\u0435\u0442\u0440\u0438\u044f \u0438 \u0433\u0440\u0443\u043f\u043f\u044b - Google \u0422\u0430\u0431\u043b\u0438\u0446\u044b", "many_tag": [], "areas": [2, 4]}}, {"model": "base.url", "pk": 49, "fields": {"url": "https://eadaily.com/ru/news/2017/04/06/shkolniki-na-mitingah-ne-vina-sistemy-obrazovaniya-intervyu", "title": "\u0428\u043a\u043e\u043b\u044c\u043d\u0438\u043a\u0438 \u043d\u0430\u00a0\u043c\u0438\u0442\u0438\u043d\u0433\u0430\u0445\u00a0\u2014 \u043d\u0435\u00a0\u0432\u0438\u043d\u0430 \u0441\u0438\u0441\u0442\u0435\u043c\u044b \u043e\u0431\u0440\u0430\u0437\u043e\u0432\u0430\u043d\u0438\u044f: \u0438\u043d\u0442\u0435\u0440\u0432\u044c\u044e \u2014 \u041d\u043e\u0432\u043e\u0441\u0442\u0438 \u043f\u043e\u043b\u0438\u0442\u0438\u043a\u0438, \u041d\u043e\u0432\u043e\u0441\u0442\u0438 \u0420\u043e\u0441\u0441\u0438\u0438 \u2014 EADaily", "many_tag": [4], "areas": []}}, {"model": "base.url", "pk": 50, "fields": {"url": "https://etokavkaz.ru/obshchestvo/kto-poedet-v-tlondodu", "title": "\u041a\u0442\u043e \u043f\u043e\u0435\u0434\u0435\u0442 \u0432\u00a0\u0422\u043b\u043e\u043d\u0434\u043e\u0434\u0443? - \u042d\u0442\u043e \u041a\u0430\u0432\u043a\u0430\u0437", "many_tag": [4], "areas": []}}, {"model": "base.url", "pk": 51, "fields": {"url": "https://interneturok.ru/uchyonye-detyam/dlya-shkolnikov", "title": "\u041b\u0435\u043a\u0446\u0438\u0438 \u0421\u0430\u0432\u0432\u0430\u0442\u0435\u0435\u0432\u0430 \u0410.\u0412. \u043f\u043e \u043c\u0430\u0442\u0435\u043c\u0430\u0442\u0438\u043a\u0435 \u0434\u043b\u044f \u0448\u043a\u043e\u043b\u044c\u043d\u0438\u043a\u043e\u0432", "many_tag": [], "areas": [15]}}, {"model": "base.url", "pk": 52, "fields": {"url": "https://levelvan.ru/lectures/show/319", "title": "\u0413\u043b\u0430\u0432\u043d\u044b\u0435 \u043e\u0442\u043a\u0440\u044b\u0442\u0438\u044f \u0432 \u043c\u0430\u0442\u0435\u043c\u0430\u0442\u0438\u043a\u0435: \u0437\u043d\u0430\u043c\u0435\u043d\u0438\u0442\u044b\u0435 \u0437\u0430\u0434\u0430\u0447\u0438, \u043a\u0430\u043a \u0438\u0445 \u0440\u0435\u0448\u0430\u043b\u0438 \u0438 \u043a \u0447\u0435\u043c\u0443 \u044d\u0442\u043e \u043f\u0440\u0438\u0432\u0435\u043b\u043e", "many_tag": [5], "areas": [14]}}, {"model": "base.url", "pk": 53, "fields": {"url": "https://mipt.ru/news/onlayn_kurs_ot_mfti_i_alekseya_savvateeva_teoriya_igr_dlya_lyubykh_auditoriy", "title": "\u041e\u043d\u043b\u0430\u0439\u043d-\u043a\u0443\u0440\u0441 \u043e\u0442 \u041c\u0424\u0422\u0418 \u0438 \u0410\u043b\u0435\u043a\u0441\u0435\u044f \u0421\u0430\u0432\u0432\u0430\u0442\u0435\u0435\u0432\u0430: \u0442\u0435\u043e\u0440\u0438\u044f \u0438\u0433\u0440 \u0434\u043b\u044f \u043b\u044e\u0431\u044b\u0445 \u0430\u0443\u0434\u0438\u0442\u043e\u0440\u0438\u0439 \u2014 \u041c\u0424\u0422\u0418", "many_tag": [2, 5], "areas": [1]}}, {"model": "base.url", "pk": 54, "fields": {"url": "https://newdaynews.ru/ekb/595695.html", "title": "\u0422\u0440\u0438 \u0432\u0435\u0441\u0435\u043b\u044b\u0445 \u0431\u0443\u043a\u0432\u044b, \u0441\u0433\u043e\u0440\u0435\u0432\u0448\u0438\u0435 \u0440\u0443\u043a\u043e\u043f\u0438\u0441\u0438 \u0438 \u041f\u0438\u0444\u0430\u0433\u043e\u0440 / \u0427\u0442\u043e \u0441\u0432\u043e\u0434\u0438\u0442 \u0441 \u0443\u043c\u0430 \u043c\u0430\u0442\u0435\u043c\u0430\u0442\u0438\u043a\u043e\u0432 \u043f\u043e\u0441\u043b\u0435 \u0434\u043e\u043a\u0430\u0437\u0430\u0442\u0435\u043b\u044c\u0441\u0442\u0432\u0430 \u0442\u0435\u043e\u0440\u0435\u043c\u044b \u0424\u0435\u0440\u043c\u0430 / 01.03.17 / \u0415\u043a\u0430\u0442\u0435\u0440\u0438\u043d\u0431\u0443\u0440\u0433 / \u00a9 \u0420\u0418\u0410 \u041d\u043e\u0432\u044b\u0439 \u0414\u0435\u043d\u044c / \u041c\u0430\u0440\u0442 2017", "many_tag": [4], "areas": [14]}}, {"model": "base.url", "pk": 55, "fields": {"url": "https://openedu.ru/course/mipt/GAMETH/", "title": "\u041e\u0442\u043a\u0440\u044b\u0442\u043e\u0435 \u043e\u0431\u0440\u0430\u0437\u043e\u0432\u0430\u043d\u0438\u0435 - \u0422\u0435\u043e\u0440\u0438\u044f \u0438\u0433\u0440", "many_tag": [2], "areas": [1]}}, {"model": "base.url", "pk": 56, "fields": {"url": "https://openedu.ru/course/mipt/HIGHMATH2/", "title": "\u041e\u0442\u043a\u0440\u044b\u0442\u043e\u0435 \u043e\u0431\u0440\u0430\u0437\u043e\u0432\u0430\u043d\u0438\u0435 - \u0412\u044b\u0441\u0448\u0430\u044f \u043c\u0430\u0442\u0435\u043c\u0430\u0442\u0438\u043a\u0430. \u041b\u0438\u043d\u0435\u0439\u043d\u0430\u044f \u0430\u043b\u0433\u0435\u0431\u0440\u0430 \u0438 \u044d\u043b\u0435\u043c\u0435\u043d\u0442\u044b \u0442\u043e\u043f\u043e\u043b\u043e\u0433\u0438\u0438", "many_tag": [2], "areas": [7, 8]}}, {"model": "base.url", "pk": 57, "fields": {"url": "https://openedu.ru/course/mipt/matan/", "title": "\u041e\u0442\u043a\u0440\u044b\u0442\u043e\u0435 \u043e\u0431\u0440\u0430\u0437\u043e\u0432\u0430\u043d\u0438\u0435 - \u041c\u0430\u0442\u0435\u043c\u0430\u0442\u0438\u0447\u0435\u0441\u043a\u0438\u0439 \u0430\u043d\u0430\u043b\u0438\u0437", "many_tag": [2], "areas": [6]}}, {"model": "base.url", "pk": 58, "fields": {"url": "https://openedu.ru/university/mipt/", "title": "\u041e\u0442\u043a\u0440\u044b\u0442\u043e\u0435 \u043e\u0431\u0440\u0430\u0437\u043e\u0432\u0430\u043d\u0438\u0435 - \u041c\u0424\u0422\u0418", "many_tag": [3], "areas": []}}, {"model": "base.url", "pk": 59, "fields": {"url": "https://ru.wikipedia.org/wiki/\u0421\u0430\u0432\u0432\u0430\u0442\u0435\u0435\u0432,_\u0410\u043b\u0435\u043a\u0441\u0435\u0439_\u0412\u043b\u0430\u0434\u0438\u043c\u0438\u0440\u043e\u0432\u0438\u0447", "title": "\u0412\u0438\u043a\u0438\u043f\u0435\u0434\u0438\u044f: \u0421\u0430\u0432\u0432\u0430\u0442\u0435\u0435\u0432, \u0410\u043b\u0435\u043a\u0441\u0435\u0439 \u0412\u043b\u0430\u0434\u0438\u043c\u0438\u0440\u043e\u0432\u0438\u0447", "many_tag": [3], "areas": []}}, {"model": "base.url", "pk": 60, "fields": {"url": "https://samovod.ru/content/articles/16160/", "title": "\u0418\u043d\u0442\u0435\u043b\u043b\u0435\u043a\u0442\u0443\u0430\u043b\u044c\u043d\u044b\u0439 \u0441\u043f\u0435\u0446\u043d\u0430\u0437 \u0438\u043b\u0438 \u0431\u043e\u043b\u0435\u0437\u043d\u0435\u043d\u043d\u0430\u044f \u0441\u0442\u0440\u0430\u0441\u0442\u044c?", "many_tag": [4], "areas": []}}, {"model": "base.url", "pk": 62, "fields": {"url": "https://vk.com/alexei_savvateev", "title": "\u043c\u0430\u0442\u0435\u043c\u0430\u0442\u0438\u043a\u0430 \u0434\u043b\u044f \u0433\u0443\u043c\u0430\u043d\u0438\u0442\u0430\u0440\u0438\u0435\u0432", "many_tag": [3], "areas": []}}, {"model": "base.url", "pk": 63, "fields": {"url": "https://vk.com/raigorodskii_savvateev", "title": "\u0410. \u0420\u0430\u0439\u0433\u043e\u0440\u043e\u0434\u0441\u043a\u0438\u0439 \u0438 \u0410. \u0421\u0430\u0432\u0432\u0430\u0442\u0435\u0435\u0432 \u0432 \u041e\u043c\u0441\u043a\u0435!", "many_tag": [3], "areas": []}}, {"model": "base.url", "pk": 64, "fields": {"url": "https://vk.com/video223315642_167011072", "title": "\u0424\u0443\u0442\u0443\u0440\u043e\u043b\u043e\u0433\u0438\u0447\u0435\u0441\u043a\u0438\u0439 \u043a\u043e\u043d\u0433\u0440\u0435\u0441\u0441 (\u041c\u043e\u0441\u043a\u0432\u0430, 14/12/2012)_\u0421\u0410\u0412\u0412\u0410\u0422\u0415\u0415\u0412 \u0410\u043b\u0435\u043a\u0441\u0435\u0439 (\u0420\u042d\u0428)", "many_tag": [6], "areas": []}}, {"model": "base.url", "pk": 65, "fields": {"url": "https://vk.com/video8733459_163989343", "title": "\u0410\u043b\u0435\u043a\u0441\u0435\u0439 \u0421\u0430\u0432\u0432\u0430\u0442\u0435\u0435\u0432 \u0432 \"\u0423\u0442\u0440\u0435\u043d\u043d\u0435\u043c \u041a\u043e\u043a\u0442\u0435\u0439\u043b\u0435\"", "many_tag": [4], "areas": []}}, {"model": "base.url", "pk": 66, "fields": {"url": "https://vk.com/videos-49284819?section=album_51480846", "title": "\u041c\u0410\u0421\u042d\u041f - 2011", "many_tag": [1], "areas": []}}, {"model": "base.url", "pk": 67, "fields": {"url": "https://vk.com/videos-49284819?section=album_56085077", "title": "\u041c\u0410\u0421\u042d\u041f-2016", "many_tag": [1], "areas": []}}, {"model": "base.url", "pk": 68, "fields": {"url": "https://vk.com/videos-49284819?section=album_56085078", "title": "\u041c\u0410\u0421\u042d\u041f-2015", "many_tag": [1], "areas": []}}, {"model": "base.url", "pk": 69, "fields": {"url": "https://vk.com/videos8733459?z=video8733459_456239411%2F424256cbdbf20f7d72%2Fpl_8733459_-2", "title": "\u0410\u043b\u0435\u043a\u0441\u0435\u0439 \u0421\u0430\u0432\u0432\u0430\u0442\u0435\u0435\u0432 \"\u0412\u043e\u043b\u0448\u0435\u0431\u043d\u044b\u0439 \u043f\u0435\u043d\u0434\u0435\u043b\u044c, \u0438\u043b\u0438 \u0440\u0430\u0437\u043c\u044b\u0448\u043b\u0435\u043d\u0438\u044f \u043c\u0430\u0442\u0435\u043c\u0430\u0442\u0438\u043a\u0430 \u043e\u0431 \u0410\u043b\u0438\u0441\u0435 \u0438 \u043a\u0440\u043e\u043b\u0438\u043a\u0435\"", "many_tag": [7], "areas": [14]}}, {"model": "base.url", "pk": 70, "fields": {"url": "https://vk.com/videos8733459?z=video8733459_456239412%2F23ea99fd42aba07b8e%2Fpl_8733459_-2", "title": "\u0410\u043b\u0435\u043a\u0441\u0435\u0439 \u0421\u0430\u0432\u0432\u0430\u0442\u0435\u0435\u0432 \"\u041c\u0430\u0442\u0435\u043c\u0430\u0442\u0438\u043a\u0430 \u0444\u0443\u0442\u0431\u043e\u043b\u044c\u043d\u043e\u0433\u043e \u043c\u044f\u0447\u0430\"", "many_tag": [7], "areas": [14]}}, {"model": "base.url", "pk": 71, "fields": {"url": "https://vk.com/videos8733459?z=video8733459_456239413%2F5bb7bda0a25002ff5d%2Fpl_8733459_-2", "title": "\u0410\u043b\u0435\u043a\u0441\u0435\u0439 \u0421\u0430\u0432\u0432\u0430\u0442\u0435\u0435\u0432 \"\u041f\u044f\u0442\u043d\u0430\u0448\u043a\u0438 \u0434\u043b\u044f \u0433\u0443\u043c\u0430\u043d\u0438\u0442\u0430\u0440\u0438\u0435\u0432\"", "many_tag": [7], "areas": [14]}}, {"model": "base.url", "pk": 72, "fields": {"url": "https://vk.com/videos8733459?z=video8733459_456239414%2Fab78e5749af8c6836a%2Fpl_8733459_-2", "title": "\u0410\u043b\u0435\u043a\u0441\u0435\u0439 \u0421\u0430\u0432\u0432\u0430\u0442\u0435\u0435\u0432 \"\u0421 \u043a\u0430\u043a\u043e\u0439 \u0433\u043e\u0440\u044b \u0432 \u0414\u0430\u0433\u0435\u0441\u0442\u0430\u043d\u0435 \u0432\u0438\u0434\u043d\u043e \u041a\u0430\u0441\u043f\u0438\u0439\u0441\u043a\u043e\u0435 \u043c\u043e\u0440\u0435?\"", "many_tag": [7], "areas": [14]}}, {"model": "base.url", "pk": 73, "fields": {"url": "https://vk.com/videos8733459?z=video8733459_456239415%2F512f6a6ef6e70d6095%2Fpl_8733459_-2", "title": "\u0410\u043b\u0435\u043a\u0441\u0435\u0439 \u0421\u0430\u0432\u0432\u0430\u0442\u0435\u0435\u0432 \"\u0411\u0435\u0433\u0443\u0449\u0438\u0439 \u0433\u043e\u0440\u043e\u0434 \u0432 \u041f\u0438\u0442\u0435\u0440\u0435\"", "many_tag": [7], "areas": [14]}}, {"model": "base.url", "pk": 74, "fields": {"url": "https://vk.com/videos8733459?z=video8733459_456239416%2Ff843a4e1509a73c0a9%2Fpl_8733459_-2", "title": "\u0410\u043b\u0435\u043a\u0441\u0435\u0439 \u0421\u0430\u0432\u0432\u0430\u0442\u0435\u0435\u0432 \"\u041c\u043e\u0436\u043d\u043e \u043b\u0438 \u043d\u0430\u043a\u043e\u043f\u0438\u0442\u044c \u043d\u0430 \u043a\u0432\u0430\u0440\u0442\u0438\u0440\u0443, \u044d\u043a\u043e\u043d\u043e\u043c\u044f \u043d\u0430 \u043e\u0431\u0449\u0435\u0441\u0442\u0432\u0435\u043d\u043d\u043e\u043c \u0442\u0440\u0430\u043d\u0441\u043f\u043e\u0440\u0442\u0435?\"", "many_tag": [7], "areas": [14]}}, {"model": "base.url", "pk": 75, "fields": {"url": "https://vk.com/videos8733459?z=video8733459_456239417%2Fpl_8733459_-2", "title": "\u0410\u043b\u0435\u043a\u0441\u0435\u0439 \u0421\u0430\u0432\u0432\u0430\u0442\u0435\u0435\u0432 \"\u041a\u0430\u043a \u043c\u0430\u0442\u0435\u043c\u0430\u0442\u0438\u043a\u0430 \u043f\u043e\u043c\u043e\u0433\u0430\u0435\u0442 \u043f\u043e\u0431\u0435\u0436\u0434\u0430\u0442\u044c \u0432 \u00ab\u0411\u0435\u0433\u0443\u0449\u0435\u043c \u0433\u043e\u0440\u043e\u0434\u0435\u00bb\"", "many_tag": [7], "areas": [14]}}, {"model": "base.url", "pk": 76, "fields": {"url": "https://vk.com/videos8733459?z=video8733459_456239418%2F78075d16384802f3ef%2Fpl_8733459_-2", "title": "\u0410\u043b\u0435\u043a\u0441\u0435\u0439 \u0421\u0430\u0432\u0432\u0430\u0442\u0435\u0435\u0432 \"\u041c\u0430\u0442\u0435\u043c\u0430\u0442\u0438\u043a\u0430 \u0441\u043f\u0438\u043b\u0435\u043d\u043d\u043e\u0433\u043e \u0434\u0435\u0440\u0435\u0432\u0430\"", "many_tag": [7], "areas": [14]}}, {"model": "base.url", "pk": 77, "fields": {"url": "https://vk.com/videos8733459?z=video8733459_456239419%2F77f0834639de9623a4%2Fpl_8733459_-2", "title": "\u0410\u043b\u0435\u043a\u0441\u0435\u0439 \u0421\u0430\u0432\u0432\u0430\u0442\u0435\u0435\u0432 \"\u041c\u0430\u0442\u0435\u043c\u0430\u0442\u0438\u043a\u0430 \u0447\u0430\u0441\u043e\u0432\u044b\u0445 \u043f\u043e\u044f\u0441\u043e\u0432\"", "many_tag": [7], "areas": [14]}}, {"model": "base.url", "pk": 78, "fields": {"url": "https://vk.com/videos8733459?z=video8733459_456239420%2Ff21c71bdc2666dd07b%2Fpl_8733459_-2", "title": "\u0410\u043b\u0435\u043a\u0441\u0435\u0439 \u0421\u0430\u0432\u0432\u0430\u0442\u0435\u0435\u0432 \"\u041c\u043e\u0436\u043d\u043e \u043b\u0438 \u0443\u0432\u0438\u0434\u0435\u0442\u044c \u043e\u0434\u043d\u043e\u0432\u0440\u0435\u043c\u0435\u043d\u043d\u043e \u0427\u0435\u0440\u043d\u043e\u0435 \u0438 \u041a\u0430\u0441\u043f\u0438\u0439\u0441\u043a\u043e\u0435 \u043c\u043e\u0440\u0435\"", "many_tag": [7], "areas": [14]}}, {"model": "base.url", "pk": 79, "fields": {"url": "https://vk.com/videos8733459?z=video8733459_456239421%2Fpl_8733459_-2", "title": "\u0410\u043b\u0435\u043a\u0441\u0435\u0439 \u0421\u0430\u0432\u0432\u0430\u0442\u0435\u0435\u0432 \"\u041a\u0430\u043a \u043e\u043f\u0440\u0435\u0434\u0435\u043b\u0438\u0442\u044c \u0440\u0430\u0441\u0441\u0442\u043e\u044f\u043d\u0438\u0435 \u0438 \u043d\u0435 \u043e\u043f\u043e\u0437\u0434\u0430\u0442\u044c \u043d\u0430 \u044d\u043b\u0435\u043a\u0442\u0440\u0438\u0447\u043a\u0443\"", "many_tag": [7], "areas": []}}, {"model": "base.url", "pk": 81, "fields": {"url": "https://vk.com/wall-61516226_70804", "title": "\u0410\u043d\u043e\u043d\u0441 \u043b\u0435\u043a\u0446\u0438\u0438 \u0432 \u041c\u0438\u043d\u0441\u043a\u0435", "many_tag": [], "areas": []}}, {"model": "base.url", "pk": 82, "fields": {"url": "https://vk.com/wall-83013121_61642", "title": "\u041f\u043e\u043d\u044f\u0442\u044c \u0437\u0430 12 \u043c\u0438\u043d\u0443\u0442: \u043a\u043e\u0433\u0434\u0430 \u0442\u0435\u043e\u0440\u0438\u044f \u0438\u0433\u0440 \u043f\u043e\u0431\u0435\u0436\u0434\u0430\u0435\u0442 \u0437\u0434\u0440\u0430\u0432\u044b\u0439 \u0441\u043c\u044b\u0441\u043b", "many_tag": [7], "areas": [14]}}, {"model": "base.url", "pk": 83, "fields": {"url": "https://vk.com/wall92579718_4052", "title": "\u0424\u043e\u0442\u043e\u0441\u0435\u0441\u0441\u0438\u044f \u0410. \u0421\u0430\u0432\u0432\u0430\u0442\u0435\u0435\u0432\u0430", "many_tag": [4], "areas": []}}, {"model": "base.url", "pk": 84, "fields": {"url": "https://www.coursera.org/learn/matematika-dlya-vseh", "title": "\u041c\u0430\u0442\u0435\u043c\u0430\u0442\u0438\u043a\u0430 \u0434\u043b\u044f \u0432\u0441\u0435\u0445 | Coursera", "many_tag": [2], "areas": [14]}}, {"model": "base.url", "pk": 85, "fields": {"url": "https://www.facebook.com/groups/393624307699994/permalink/408544492874642/?comment_id=408560389539719&reply_comment_id=408562542872837\u00acif_t=group_comment_mention\u00acif_id=1499714913917428", "title": "\u041e\u0431\u043d\u043e\u0432\u0438\u0442\u0435 \u0441\u0432\u043e\u0439 \u0431\u0440\u0430\u0443\u0437\u0435\u0440 | Facebook", "many_tag": [], "areas": []}}, {"model": "base.url", "pk": 86, "fields": {"url": "https://www.lektorium.tv/node/31934", "title": "\u0412\u043e\u043b\u0448\u0435\u0431\u043d\u0430\u044f \u0448\u043a\u043e\u043b\u044c\u043d\u0430\u044f \u0433\u0435\u043e\u043c\u0435\u0442\u0440\u0438\u044f | \u041b\u0435\u043a\u0442\u043e\u0440\u0438\u0443\u043c", "many_tag": [1, 5], "areas": [2]}}, {"model": "base.url", "pk": 87, "fields": {"url": "https://www.lektorium.tv/speaker/2806", "title": "\u0410\u043b\u0435\u043a\u0441\u0435\u0439 \u0421\u0430\u0432\u0432\u0430\u0442\u0435\u0435\u0432 | \u041b\u0435\u043a\u0442\u043e\u0440\u0438\u0443\u043c", "many_tag": [3], "areas": []}}, {"model": "base.url", "pk": 88, "fields": {"url": "https://www.youtube.com/channel/UCaWuywWQlnpruVQY_TkyP5A", "title": "\u0410\u043b\u0435\u043a\u0441\u0435\u0439 \u0421\u0430\u0432\u0432\u0430\u0442\u0435\u0435\u0432 - YouTube", "many_tag": [3], "areas": []}}, {"model": "base.url", "pk": 90, "fields": {"url": "https://www.youtube.com/watch?v=gXT7X_Zkl3A", "title": "\u0410. \u0412. \u0421\u0430\u0432\u0432\u0430\u0442\u0435\u0435\u0432\u0430 - \u0413\u0435\u043e\u043c\u0435\u0442\u0440\u0438\u044f, \u0430\u0440\u0438\u0444\u043c\u0435\u0442\u0438\u043a\u0430 \u0438 \u0430\u043b\u0433\u0435\u0431\u0440\u0430 \u043f\u0440\u0435\u043e\u0431\u0440\u0430\u0437\u043e\u0432\u0430\u043d\u0438\u0439 \u0447. 1/2", "many_tag": [5], "areas": [2, 5, 10]}}, {"model": "base.url", "pk": 91, "fields": {"url": "https://www.youtube.com/playlist?list=PL8n_ZHoHDPESLDJN2NJivDYLNGtpJEBoy", "title": "100 \u043e\u0441\u043d\u043e\u0432\u043d\u044b\u0445 \u0432\u043e\u043f\u0440\u043e\u0441\u043e\u0432 \u043c\u0430\u0442\u0435\u043c\u0430\u0442\u0438\u043a\u0438 - YouTube", "many_tag": [1], "areas": []}}, {"model": "base.url", "pk": 92, "fields": {"url": "https://www.youtube.com/playlist?list=PLOsoJKJz2K4_Ehk7jOmta4-qzErCoKU2A", "title": "\u041d\u0430\u0443\u0447\u043d\u044b\u0435 \u0432\u0441\u0442\u0440\u0435\u0447\u0438 (Professional) - YouTube", "many_tag": [1], "areas": []}}, {"model": "base.url", "pk": 93, "fields": {"url": "https://www.youtube.com/playlist?list=PLSl-Hc01KsrEMq7DiQPecJRpVD64AM4Ee", "title": "\u0410\u043b\u0435\u043a\u0441\u0435\u0439 \u0421\u0430\u0432\u0432\u0430\u0442\u0435\u0435\u0432, \u043c\u0430\u0442\u0435\u043c\u0430\u0442\u0438\u043a - YouTube", "many_tag": [1], "areas": []}}, {"model": "base.url", "pk": 94, "fields": {"url": "https://www.youtube.com/playlist?list=PLVe-2wcL84b8c09AKImmAISiEI6vPefON", "title": "JPoint 2017 - YouTube", "many_tag": [1], "areas": []}}, {"model": "base.url", "pk": 95, "fields": {"url": "https://www.youtube.com/playlist?list=PLgEpoT7yAl9UWe6jjGkNEe7da2wCJyxI0", "title": "\u041c\u0430\u0442\u0435\u043c\u0430\u0442\u0438\u043a\u0430 \u0434\u043b\u044f \u0433\u0443\u043c\u0430\u043d\u0438\u0442\u0430\u0440\u0438\u0435\u0432 2014 - YouTube", "many_tag": [1], "areas": []}}, {"model": "base.url", "pk": 96, "fields": {"url": "https://www.youtube.com/playlist?list=PLgEpoT7yAl9Un_0t1kj0yzg9Fqe3Jjjol", "title": "\u041c\u0430\u0442\u0435\u043c\u0430\u0442\u0438\u043a\u0430 \u044d\u043a\u043e\u043d\u043e\u043c\u0438\u0441\u0442\u0430\u043c - YouTube", "many_tag": [1], "areas": []}}, {"model": "base.url", "pk": 97, "fields": {"url": "https://www.youtube.com/playlist?list=PLgEpoT7yAl9VS-cQTxqecNtQ_yQ5A1FCJ", "title": "\u0418\u0437\u0431\u0440\u0430\u043d\u043d\u044b\u0435 \u0432\u043e\u043f\u0440\u043e\u0441\u044b \u043d\u0435\u0435\u0432\u043a\u043b\u0438\u0434\u043e\u0432\u043e\u0439 \u0433\u0435\u043e\u043c\u0435\u0442\u0440\u0438\u0438 - YouTube", "many_tag": [1], "areas": []}}, {"model": "base.url", "pk": 98, "fields": {"url": "https://www.youtube.com/playlist?list=PLgEpoT7yAl9VWebUfw4uOlut1ZaoFjFcb", "title": "\u0422\u0435\u043e\u0440\u0438\u044f \u0413\u0430\u043b\u0443\u0430 - YouTube", "many_tag": [1], "areas": [5]}}, {"model": "base.url", "pk": 99, "fields": {"url": "https://www.youtube.com/playlist?list=PLgEpoT7yAl9VXtZa0ZiWdbp0oqOw1AteC", "title": "\u0410\u043b\u0433\u0435\u0431\u0440\u0430 \u0434\u043b\u044f \u0432\u0441\u0435\u0445. (\u0418\u041c\u042d\u0418 \u0418\u0413\u0423) - YouTube", "many_tag": [1], "areas": []}}, {"model": "base.url", "pk": 100, "fields": {"url": "https://www.youtube.com/playlist?list=PLgEpoT7yAl9VgV1DDBFoxPvi-dShpVP7P", "title": "\u0422\u0435\u043e\u0440\u0438\u044f \u0430\u0443\u043a\u0446\u0438\u043e\u043d\u043e\u0432. \u0410. \u0421\u0430\u0432\u0432\u0430\u0442\u0435\u0435\u0432 - YouTube", "many_tag": [1], "areas": []}}, {"model": "base.url", "pk": 101, "fields": {"url": "https://www.youtube.com/playlist?list=PLgEpoT7yAl9W6_iVhoxxWoNxcPXt7GJ0D", "title": "\u041c\u0430\u0442\u0435\u043c\u0430\u0442\u0438\u043a\u0430 \u0434\u043b\u044f \u0433\u0443\u043c\u0430\u043d\u0438\u0442\u0430\u0440\u0438\u0435\u0432 - YouTube", "many_tag": [1], "areas": []}}, {"model": "base.url", "pk": 102, "fields": {"url": "https://www.youtube.com/playlist?list=PLgEpoT7yAl9WmLJr_xtzGJg5yeMVtGuw0", "title": "\u0414\u043e\u043a\u0442\u043e\u0440\u0441\u043a\u0430\u044f \u0434\u0438\u0441\u0441\u0435\u0440\u0442\u0430\u0446\u0438\u044f \u0410\u043b\u0435\u043a\u0441\u0435\u044f \u0421\u0430\u0432\u0432\u0430\u0442\u0435\u0435\u0432\u0430 - YouTube", "many_tag": [1], "areas": []}}, {"model": "base.url", "pk": 103, "fields": {"url": "https://www.youtube.com/playlist?list=PLgEpoT7yAl9XgSQcTuUEyriQyLu1dEy_B", "title": "\u0422\u0435\u043e\u0440\u0435\u043c\u0430 \u0424\u0435\u0440\u043c\u0430 - YouTube", "many_tag": [1], "areas": [5]}}, {"model": "base.url", "pk": 104, "fields": {"url": "https://www.youtube.com/playlist?list=PLgEpoT7yAl9Xnw-Dl7eixkSWNP149L3eM", "title": "\u0421\u0423\u041d\u0426, 17-\u0423\u0413\u041e\u041b\u042c\u041d\u0418\u041a \u0413\u0410\u0423\u0421\u0421\u0410 (\u0410\u043b\u0435\u043a\u0441\u0435\u0439 \u0421\u0430\u0432\u0432\u0430\u0442\u0435\u0435\u0432) - YouTube", "many_tag": [1], "areas": [2]}}, {"model": "base.url", "pk": 107, "fields": {"url": "https://www.youtube.com/watch?v=-4yutmWAOg4&feature=youtu.be", "title": "\u0421\u0430\u0432\u0432\u0430\u0442\u0435\u0435\u0432 \u0410. \u041a\u0443\u0434\u0430 \u0438\u0434\u0435\u0442 (\u0438 \u0432\u0435\u0434\u0435\u0442 \u043d\u0430\u0441) \u044d\u043a\u043e\u043d\u043e\u043c\u0438\u043a\u0430, \u0447\u0430\u0441\u0442\u044c 1 - YouTube", "many_tag": [5], "areas": [12]}}, {"model": "base.url", "pk": 108, "fields": {"url": "https://www.youtube.com/watch?v=6fCoqeqme10", "title": "\u0421\u0430\u0432\u0432\u0430\u0442\u0435\u0435\u0432 \u0410. \u041a\u0443\u0434\u0430 \u0438\u0434\u0435\u0442 (\u0438 \u0432\u0435\u0434\u0435\u0442 \u043d\u0430\u0441) \u044d\u043a\u043e\u043d\u043e\u043c\u0438\u043a\u0430, \u0447\u0430\u0441\u0442\u044c 2 - YouTube", "many_tag": [5], "areas": [12]}}, {"model": "base.url", "pk": 109, "fields": {"url": "https://www.youtube.com/watch?v=Byw49v8uAPo", "title": "\u0428\u043e\u043a! \u041c\u0430\u0442\u0435\u043c\u0430\u0442\u0438\u043a \u0441\u0434\u0435\u043b\u0430\u043b \u044d\u0442\u043e! \u0425\u0438\u043c\u0438\u044f/\u041c\u0430\u0442\u0435\u043c\u0430\u0442\u0438\u043a\u0430 \u2013\u00a0\u041f\u0440\u043e\u0441\u0442\u043e - YouTube", "many_tag": [], "areas": [14]}}, {"model": "base.url", "pk": 110, "fields": {"url": "https://www.youtube.com/watch?v=I_JnVNIjKRY", "title": "\u0410\u043b\u0435\u043a\u0441\u0435\u0439 \u0421\u0430\u0432\u0432\u0430\u0442\u0435\u0435\u0432 \u0432 \u0411\u0413\u0423: \u043c\u0430\u0442\u0435\u043c\u0430\u0442\u0438\u043a\u0430 \u0434\u043b\u044f \u0432\u0441\u0435\u0445 - \u043f\u043e\u043f\u0443\u043b\u044f\u0440\u043d\u043e - YouTube", "many_tag": [5], "areas": [14]}}, {"model": "base.url", "pk": 111, "fields": {"url": "https://www.youtube.com/watch?v=KgMLzFaVKKo", "title": "2017_04_21 - 61, 62 \u043b\u0435\u043a. \u0410. \u0412. \u0421\u0430\u0432\u0432\u0430\u0442\u0435\u0435\u0432\u0430 - \u041a\u043b\u0430\u0441\u0441\u0438\u0444\u0438\u043a\u0430\u0446\u0438\u044f \u043f\u043e\u0434\u043e\u0431\u0438\u0439 \u043f\u0440\u044f\u043c\u043e\u0439. \u041f\u043e\u0434\u043e\u0431\u0438\u044f \u043f\u043b\u043e\u0441\u043a\u043e\u0441\u0442\u0438 - YouTube", "many_tag": [5], "areas": [2]}}, {"model": "base.url", "pk": 112, "fields": {"url": "https://www.youtube.com/watch?v=V8pUnO-MwYc", "title": "\u0410\u043b\u0435\u043a\u0441\u0435\u0439 \u0421\u0430\u0432\u0432\u0430\u0442\u0435\u0435\u0432. \u041c\u0430\u0442\u0435\u043c\u0430\u0442\u0438\u043a\u0430. \u0427\u0430\u0441\u0442\u044c 1. \u0416\u043e\u0441\u0442\u043e\u0432\u043e. 01/04/2017 - YouTube", "many_tag": [5], "areas": [14]}}, {"model": "base.url", "pk": 113, "fields": {"url": "https://www.youtube.com/watch?v=X7kXWzHAn3s", "title": "\u0421\u0410\u041c\u042b\u0415 \u0412\u0410\u0416\u041d\u042b\u0415 \u0418\u0414\u0415\u0418 \u041c\u0410\u0422\u0415\u041c\u0410\u0422\u0418\u041a\u0418 | \u041a\u041e\u0412\u0427\u0415\u0413 \u0418\u0414\u0415\u0419 - YouTube", "many_tag": [5], "areas": [14]}}, {"model": "base.url", "pk": 114, "fields": {"url": "https://www.youtube.com/watch?v=aiH0IOWPNNI&feature=youtu.be", "title": "\u041f\u043e\u043d\u044f\u0442\u044c \u0437\u0430 12 \u043c\u0438\u043d\u0443\u0442: \u043a\u043e\u0433\u0434\u0430 \u0442\u0435\u043e\u0440\u0438\u044f \u0438\u0433\u0440 \u043f\u043e\u0431\u0435\u0436\u0434\u0430\u0435\u0442 \u0437\u0434\u0440\u0430\u0432\u044b\u0439 \u0441\u043c\u044b\u0441\u043b - YouTube", "many_tag": [], "areas": [1]}}, {"model": "base.url", "pk": 115, "fields": {"url": "https://www.youtube.com/watch?v=cHCTe6VYpHo", "title": "\u0410\u043b\u0435\u043a\u0441\u0435\u0439 \u0421\u0430\u0432\u0432\u0430\u0442\u0435\u0435\u0432. \u041c\u0430\u0442\u0435\u043c\u0430\u0442\u0438\u043a\u0430. \u0416\u043e\u0441\u0442\u043e\u0432\u043e. 01/04/2017 - YouTube", "many_tag": [5], "areas": [14]}}, {"model": "base.url", "pk": 116, "fields": {"url": "https://www.youtube.com/watch?v=fG8Bek76ciY", "title": "\u0410\u043b\u0435\u043a\u0441\u0435\u0439 \u0421\u0430\u0432\u0432\u0430\u0442\u0435\u0435\u0432. \u041c\u0438\u043d\u0441\u043a-2. \u0422\u0435\u043e\u0440\u0438\u044f \u0438 \u043f\u0440\u0430\u043a\u0442\u0438\u043a\u0430 \u0438\u0433\u0440. - YouTube", "many_tag": [5], "areas": [1]}}, {"model": "base.url", "pk": 117, "fields": {"url": "https://www.youtube.com/watch?v=guormRwUaYo&list=PLssa4ZIycgXI5zTXdYCQVxyUunawc", "title": "\u0427\u0430\u0441 \u043d\u0430\u0443\u043a\u0438. 13.05.2017 - YouTube", "many_tag": [], "areas": []}}, {"model": "base.url", "pk": 119, "fields": {"url": "https://www.youtube.com/watch?v=mQXTzSdWNHQ", "title": "\u0420\u0435\u043f\u044c\u044e\u043d\u0438\u0442\u044b \u0438 \u043a\u0443\u0431\u0438\u0447\u0435\u0441\u043a\u0438\u0435 \u0432\u044b\u0447\u0435\u0442\u044b (\u0410\u043b\u0435\u043a\u0441\u0435\u0439 \u0421\u0430\u0432\u0432\u0430\u0442\u0435\u0435\u0432) - YouTube", "many_tag": [], "areas": []}}, {"model": "base.url", "pk": 120, "fields": {"url": "https://www.youtube.com/watch?v=sSYeVMXVhcc&feature=youtu.be", "title": "\u041b\u0435\u043a\u0446\u0438\u044f \u0410\u043b\u0435\u043a\u0441\u0435\u044f \u0421\u0430\u0432\u0432\u0430\u0442\u0435\u0435\u0432\u0430 - \u0417\u0430\u0434\u0430\u0447\u0430 \u043e \u043a\u043e\u043b\u043b\u0435\u043a\u0442\u0438\u0432\u043d\u043e\u0439 (\u0431\u0435\u0437)\u043e\u0442\u0432\u0435\u0442\u0441\u0442\u0432\u0435\u043d\u043d\u043e\u0441\u0442\u0438 - YouTube", "many_tag": [5], "areas": [1]}}, {"model": "base.url", "pk": 121, "fields": {"url": "https://www.youtube.com/watch?v=zl98apQm_ec&feature=youtu.be", "title": "\u0422\u0435\u043e\u0440\u0438\u044f \u0413\u0430\u043b\u0443\u0430 (\u0430\u043d\u043e\u043d\u0441) - YouTube", "many_tag": [5], "areas": [5]}}, {"model": "base.url", "pk": 126, "fields": {"url": "https://youtu.be/2GgzMYDrSiE", "title": "\u0421\u0430\u0432\u0432\u0430\u0442\u0435\u0435\u0432 \u2014 \u043f\u0440\u0438\u0432\u0435\u0442 \u0438\u0437 \u041d\u0438\u0436\u043d\u0435\u0433\u043e \u041d\u043e\u0432\u0433\u043e\u0440\u043e\u0434\u0430! - YouTube", "many_tag": [], "areas": []}}, {"model": "base.url", "pk": 127, "fields": {"url": "https://youtu.be/QfE3dsTm5EU", "title": "\u0421\u0430\u0432\u0432\u0430\u0442\u0435\u0435\u0432 \u0410.\u0412. - \u0424\u0435\u043d\u043e\u043c\u0435\u043d\u044b Brexit \u0438 Trump \u043d\u0430 \u044f\u0437\u044b\u043a\u0435 \u043c\u0430\u0442\u0435\u043c\u0430\u0442\u0438\u043a\u0438_\u043c\u043e\u0434\u0435\u043b\u044c \u0441\u043e\u0446\u0438\u0430\u043b\u044c\u043d\u043e\u0433\u043e \u0440\u0430\u0441\u043a\u043e\u043b\u0430 - YouTube", "many_tag": [5], "areas": [1, 12]}}, {"model": "base.url", "pk": 128, "fields": {"url": "https://youtu.be/aiH0IOWPNNI", "title": "\u041f\u043e\u043d\u044f\u0442\u044c \u0437\u0430 12 \u043c\u0438\u043d\u0443\u0442: \u043a\u043e\u0433\u0434\u0430 \u0442\u0435\u043e\u0440\u0438\u044f \u0438\u0433\u0440 \u043f\u043e\u0431\u0435\u0436\u0434\u0430\u0435\u0442 \u0437\u0434\u0440\u0430\u0432\u044b\u0439 \u0441\u043c\u044b\u0441\u043b - YouTube", "many_tag": [], "areas": [1]}}, {"model": "base.url", "pk": 129, "fields": {"url": "https://youtu.be/kubRUqqqy94", "title": "\u0421\u0430\u0432\u0432\u0430\u0442\u0435\u0435\u0432 \u0410.\u0412. - \u0416\u0438\u0437\u043d\u044c \u043f\u043e\u0441\u043b\u0435 \u0432\u0435\u043b\u0438\u043a\u043e\u0439 \u0442\u0435\u043e\u0440\u0435\u043c\u044b \u0424\u0435\u0440\u043c\u0430 - YouTube", "many_tag": [5], "areas": [5]}}, {"model": "base.url", "pk": 130, "fields": {"url": "https://zonakz.net/2017/05/10/intellektualnyj-specnaz-i-lishnie-lyudi/", "title": "\u0418\u043d\u0442\u0435\u043b\u043b\u0435\u043a\u0442\u0443\u0430\u043b\u044c\u043d\u044b\u0439 \u0441\u043f\u0435\u0446\u043d\u0430\u0437 \u0438 \u043b\u0438\u0448\u043d\u0438\u0435 \u043b\u044e\u0434\u0438 \u2014 \u0418\u043d\u0442\u0435\u0440\u043d\u0435\u0442-\u0433\u0430\u0437\u0435\u0442\u0430 \u0417\u041e\u041d\u0410\u041a\u0417. \u041a\u0430\u0437\u0430\u0445\u0441\u0442\u0430\u043d.", "many_tag": [4], "areas": []}}, {"model": "base.url", "pk": 131, "fields": {"url": "https://www.sibscience.org/list", "title": "\u0411\u0430\u0439\u043a\u0430\u043b\u044c\u0441\u043a\u0438\u0435 \u0447\u0442\u0435\u043d\u0438\u044f", "many_tag": [3], "areas": []}}, {"model": "base.url", "pk": 133, "fields": {"url": "http://www.youtube.com/playlist?list=PLl9oyLCDondUimvJVabhMKsy-W5mkeYPO", "title": "\u0410\u043b\u0435\u043a\u0441\u0435\u0439 \u0421\u0430\u0432\u0432\u0430\u0442\u0435\u0435\u0432. \u0422\u0435\u043e\u0440\u0438\u044f \u0438\u0433\u0440. - YouTube", "many_tag": [1], "areas": [1]}}, {"model": "base.url", "pk": 142, "fields": {"url": "https://www.youtube.com/watch?v=9oC19XW20TQ", "title": "\u041f\u0430\u0440\u0443 \u0441\u043b\u043e\u0432 \u043e \u0416\u0443\u043a\u043e\u0432\u0441\u043a\u043e\u043c - YouTube", "many_tag": [], "areas": []}}, {"model": "base.url", "pk": 158, "fields": {"url": "https://www.coursera.org/instructor/~3232080", "title": "\u0421\u0430\u0432\u0432\u0430\u0442\u0435\u0435\u0432 \u043d\u0430 \u041a\u0443\u0440\u0441\u0435\u0440\u0435", "many_tag": [3], "areas": []}}, {"model": "base.url", "pk": 166, "fields": {"url": "https://www.youtube.com/watch?v=BHWL49P8WT8", "title": "\u0410.\u0412. \u0421\u0430\u0432\u0432\u0430\u0442\u0435\u0435\u0432. \u041e\u0441\u043d\u043e\u0432\u043d\u044b\u0435 \u0442\u0435\u043e\u0440\u0435\u043c\u044b \u0442\u0435\u043e\u0440\u0438\u0438 \u0438\u0433\u0440 - YouTube", "many_tag": [5], "areas": [1]}}, {"model": "base.url", "pk": 167, "fields": {"url": "https://www.youtube.com/watch?v=OoKpduJylbM", "title": "\u0418\u0437\u0431\u0440\u0430\u043d\u043d\u044b\u0435 \u0432\u043e\u043f\u0440\u043e\u0441\u044b \u043d\u0435\u0435\u0432\u043a\u043b\u0438\u0434\u043e\u0432\u043e\u0439 \u0433\u0435\u043e\u043c\u0435\u0442\u0440\u0438\u0438. \u041b\u0435\u043a\u0446\u0438\u044f 1 (\u0410\u043b\u0435\u043a\u0441\u0435\u0439 \u0421\u0430\u0432\u0432\u0430\u0442\u0435\u0435\u0432, \u0426\u042d\u041c\u0418 \u0420\u0410\u041d, \u0418\u0413\u0423) - YouTube", "many_tag": [5], "areas": [2]}}, {"model": "base.url", "pk": 168, "fields": {"url": "https://www.youtube.com/watch?v=-4yutmWAOg4", "title": "\u0421\u0430\u0432\u0432\u0430\u0442\u0435\u0435\u0432 \u0410. \u041a\u0443\u0434\u0430 \u0438\u0434\u0435\u0442 (\u0438 \u0432\u0435\u0434\u0435\u0442 \u043d\u0430\u0441) \u044d\u043a\u043e\u043d\u043e\u043c\u0438\u043a\u0430, \u0447\u0430\u0441\u0442\u044c 1 - YouTube", "many_tag": [5], "areas": [12]}}, {"model": "base.url", "pk": 169, "fields": {"url": "https://www.youtube.com/watch?v=riF7GLRzg90", "title": "\u041b\u0435\u043a\u0446\u0438\u044f \u0410.\u0412. \u0421\u0430\u0432\u0432\u0430\u0442\u0435\u0435\u0432\u0430 &quot;Brexit \u043d\u0430 \u044f\u0437\u044b\u043a\u0435 \u043c\u0430\u0442\u0435\u043c\u0430\u0442\u0438\u043a\u0438&quot; - YouTube", "many_tag": [5], "areas": [1, 12]}}, {"model": "base.url", "pk": 170, "fields": {"url": "https://www.youtube.com/watch?v=BdzJDXwlxEs", "title": "\u041e \u043d\u043e\u0431\u0435\u043b\u0435\u0432\u0441\u043a\u0438\u0445 \u043b\u0430\u0443\u0440\u0435\u0430\u0442\u0430\u0445, \u0421\u0430\u0432\u0432\u0430\u0442\u0435\u0435\u0432 \u0432 \u0418\u0413\u0423. - YouTube", "many_tag": [5], "areas": [14]}}, {"model": "base.url", "pk": 172, "fields": {"url": "https://www.youtube.com/watch?v=slaH2Gu7Nn0&t=2ss", "title": "\u0410\u043b\u0435\u043a\u0441\u0435\u0439 \u0421\u0430\u0432\u0432\u0430\u0442\u0435\u0435\u0432. \u0412\u0435\u043b\u0438\u043a\u0438\u0435 \u043c\u0430\u0442\u0435\u043c\u0430\u0442\u0438\u0447\u0435\u0441\u043a\u0438\u0435 \u0440\u0435\u0432\u043e\u043b\u044e\u0446\u0438\u0438. - YouTube", "many_tag": [5], "areas": []}}, {"model": "base.url", "pk": 173, "fields": {"url": "https://www.youtube.com/watch?v=H_al-G9gyX0", "title": "\u0410\u043b\u0435\u043a\u0441\u0435\u0439 \u0421\u0430\u0432\u0432\u0430\u0442\u0435\u0435\u0432: &quot;\u041d\u043e\u0432\u0435\u0439\u0448\u0438\u0435 \u043c\u0430\u0442\u0435\u043c\u0430\u0442\u0438\u0447\u0435\u0441\u043a\u0438\u0435 \u0434\u043e\u0441\u0442\u0438\u0436\u0435\u043d\u0438\u044f \u043c\u0438\u0440\u043e\u0432\u043e\u0439 \u0446\u0438\u0432\u0438\u043b\u0438\u0437\u0430\u0446\u0438\u0438&quot; - YouTube", "many_tag": [5], "areas": [14]}}, {"model": "base.url", "pk": 174, "fields": {"url": "https://www.youtube.com/watch?v=j2ZZou7AanI", "title": "2014_03_13 - 1-\u044f \u043b\u0435\u043a\u0446\u0438\u044f \u0410.\u0412.\u0421\u0430\u0432\u0432\u0430\u0442\u0435\u0435\u0432\u0430 &quot;\u0427\u0438\u0441\u043b\u0430, \u0441\u0438\u043c\u0432\u043e\u043b\u044b \u0438 \u0444\u0438\u0433\u0443\u0440\u044b&quot; 4-5 \u043a\u043b\u0430\u0441\u0441\u044b \u0447. 1/2 - YouTube", "many_tag": [], "areas": [15]}}, {"model": "base.url", "pk": 175, "fields": {"url": "https://www.youtube.com/watch?v=qCLjmIosZ1w", "title": "\u0410\u043b\u0433\u0435\u0431\u0440\u0430 \u0434\u043b\u044f \u0432\u0441\u0435\u0445. \u0410\u043b\u0435\u043a\u0441\u0435\u0439 \u0421\u0430\u0432\u0432\u0430\u0442\u0435\u0435\u0432. [1] (\u0418\u041c\u042d\u0418 \u0418\u0413\u0423) - YouTube", "many_tag": [5], "areas": [10]}}, {"model": "base.url", "pk": 176, "fields": {"url": "https://www.youtube.com/watch?v=Z5C0D8EzBLw", "title": "\u041c\u0430\u0442\u0435\u043c\u0430\u0442\u0438\u043a\u0430 \u0434\u043b\u044f \u0433\u0443\u043c\u0430\u043d\u0438\u0442\u0430\u0440\u0438\u0435\u0432 2014 (1). \u0410\u043b\u0435\u043a\u0441\u0435\u0439 \u0421\u0430\u0432\u0432\u0430\u0442\u0435\u0435\u0432. - YouTube", "many_tag": [5], "areas": [14]}}, {"model": "base.url", "pk": 177, "fields": {"url": "https://www.youtube.com/watch?v=5qmmLA_CnGo", "title": "\u0422\u0435\u043e\u0440\u0435\u0442\u0438\u043a\u043e-\u0438\u0433\u0440\u043e\u0432\u0430\u044f \u043c\u043e\u0434\u0435\u043b\u044c \u0441\u043e\u0446\u0438\u0430\u043b\u044c\u043d\u043e\u0433\u043e \u0440\u0430\u0441\u043a\u043e\u043b\u0430 (\u0410\u043b\u0435\u043a\u0441\u0435\u0439 \u0421\u0430\u0432\u0432\u0430\u0442\u0435\u0435\u0432) - YouTube", "many_tag": [5], "areas": [1]}}, {"model": "base.url", "pk": 178, "fields": {"url": "https://www.youtube.com/watch?v=rQJMT9nbFhk", "title": "\u041c\u0430\u0442\u0435\u043c\u0430\u0442\u0438\u043a\u0430 \u0434\u043b\u044f \u0433\u0443\u043c\u0430\u043d\u0438\u0442\u0430\u0440\u0438\u0435\u0432. \u0410. \u0421\u0430\u0432\u0432\u0430\u0442\u0435\u0435\u0432 (1) - YouTube", "many_tag": [5], "areas": [14]}}, {"model": "base.url", "pk": 180, "fields": {"url": "https://www.youtube.com/watch?v=Qyq2ecUvwDk", "title": "\u0412\u043e\u043a\u0440\u0443\u0433 \u044d\u043a\u0441\u043f\u043e\u043d\u0435\u043d\u0442\u044b: \u043c\u0435\u0442\u043e\u0434\u0438\u043a\u0430 \u0438\u0437\u043b\u043e\u0436\u0435\u043d\u0438\u044f \u0432\u044b\u0441\u0448\u0435\u0439 \u043c\u0430\u0442\u0435\u043c\u0430\u0442\u0438\u043a\u0438 (\u0410\u043b\u0435\u043a\u0441\u0435\u0439 \u0421\u0430\u0432\u0432\u0430\u0442\u0435\u0435\u0432, \u0423\u0414\u041f, \u041c\u0424\u0422\u0418) - YouTube", "many_tag": [5], "areas": []}}, {"model": "base.url", "pk": 181, "fields": {"url": "https://www.youtube.com/watch?v=G9DzE03A5Wg", "title": "\u041e\u0442\u0432\u0435\u0442\u044b \u043d\u0430 \u0432\u043e\u043f\u0440\u043e\u0441\u044b \u043e\u0442 \u0421\u0430\u0432\u0432\u0430\u0442\u0435\u0435\u0432\u0430 \u0410.\u0412. - YouTube", "many_tag": [], "areas": []}}, {"model": "base.url", "pk": 182, "fields": {"url": "https://www.youtube.com/watch?v=VByOzTAEtoY", "title": "\u0420\u0435\u0437\u0443\u043b\u044c\u0442\u0430\u0442\u044b \u0416\u0430\u043d\u0430 \u0422\u0438\u0440\u043e\u043b\u044f (\u0410\u043b\u0435\u043a\u0441\u0435\u0439 \u0421\u0430\u0432\u0432\u0430\u0442\u0435\u0435\u0432, \u042f\u043d\u0434\u0435\u043a\u0441, \u0420\u042d\u0428, \u0426\u042d\u041c\u0418 \u0420\u0410\u041d, \u041c\u0424\u0422\u0418, \u0418\u0413\u0423) - YouTube", "many_tag": [5], "areas": [12]}}, {"model": "base.url", "pk": 183, "fields": {"url": "https://www.youtube.com/watch?v=WC_ym98yi9g", "title": "\u0410\u043b\u0435\u043a\u0441\u0435\u0439 \u0421\u0430\u0432\u0432\u0430\u0442\u0435\u0435\u0432 &quot;\u0418\u0433\u0440\u044b \u0434\u0438\u0441\u043a\u0440\u0435\u0442\u043d\u043e\u0433\u043e \u0432\u044b\u0431\u043e\u0440\u0430 \u043d\u0430 \u0441\u043e\u0446\u0438\u0430\u043b\u044c\u043d\u044b\u0445 \u0441\u0435\u0442\u044f\u0445&quot; - YouTube", "many_tag": [5], "areas": []}}, {"model": "base.url", "pk": 184, "fields": {"url": "https://www.youtube.com/watch?v=FZ9bn7UAOQ0", "title": "\u0410\u043b\u0435\u043a\u0441\u0435\u0439 \u0421\u0430\u0432\u0432\u0430\u0442\u0435\u0435\u0432 \u043e \u041d\u043e\u0431\u0435\u043b\u0435\u0432\u0441\u043a\u043e\u0439 \u043f\u0440\u0435\u043c\u0438\u0438 \u043f\u043e \u044d\u043a\u043e\u043d\u043e\u043c\u0438\u043a\u0435 2012 \u0433 (\u0437\u0432\u0443\u043a - \u0442\u043e\u043b\u044c\u043a\u043e \u043e\u0434\u0438\u043d \u043a\u0430\u043d\u0430\u043b!) - YouTube", "many_tag": [5], "areas": [12, 14]}}, {"model": "base.url", "pk": 185, "fields": {"url": "https://www.youtube.com/watch?v=P1fNGlsHebA", "title": "\u041f\u043e \u0441\u043b\u0435\u0434\u0430\u043c \u0421\u0442\u0435\u043a\u043b\u043e\u0432\u0441\u043a\u043e\u0433\u043e \u0434\u0435\u0441\u0430\u043d\u0442\u0430. \u041b\u0435\u043a\u0446\u0438\u044f 1. \u0410\u043b\u0435\u043a\u0441\u0435\u0439 \u0421\u0430\u0432\u0432\u0430\u0442\u0435\u0435\u0432. - YouTube", "many_tag": [], "areas": []}}, {"model": "base.url", "pk": 186, "fields": {"url": "https://www.youtube.com/watch?v=qPPD2YUwGnQ", "title": "\u041c\u0430\u0442\u0435\u043c\u0430\u0442\u0438\u043a\u0430 \u0434\u043b\u044f \u0433\u0443\u043c\u0430\u043d\u0438\u0442\u0430\u0440\u0438\u0435\u0432. \u0410. \u0421\u0430\u0432\u0432\u0430\u0442\u0435\u0435\u0432 (2) - YouTube", "many_tag": [], "areas": [14]}}, {"model": "base.url", "pk": 187, "fields": {"url": "https://www.youtube.com/watch?v=hkhaipY3JmU", "title": "\u0417\u043d\u0430\u043c\u0435\u043d\u0438\u0442\u044b\u0435 \u043d\u0435\u0440\u0435\u0448\u0435\u043d\u043d\u044b\u0435 \u043f\u0440\u043e\u0431\u043b\u0435\u043c\u044b \u0448\u043a\u043e\u043b\u044c\u043d\u043e\u0439 \u043c\u0430\u0442\u0435\u043c\u0430\u0442\u0438\u043a\u0438 (\u0410\u043b\u0435\u043a\u0441\u0435\u0439 \u0421\u0430\u0432\u0432\u0430\u0442\u0435\u0435\u0432) - YouTube", "many_tag": [5], "areas": []}}, {"model": "base.url", "pk": 188, "fields": {"url": "https://www.youtube.com/watch?v=dQwuLW4XTvU", "title": "\u041c\u0430\u0442\u0435\u043c\u0430\u0442\u0438\u043a\u0430 \u044d\u043a\u043e\u043d\u043e\u043c\u0438\u0441\u0442\u0430\u043c. \u0410. \u0421\u0430\u0432\u0432\u0430\u0442\u0435\u0435\u0432 01 (02.09) - YouTube", "many_tag": [5], "areas": [12]}}, {"model": "base.url", "pk": 189, "fields": {"url": "https://www.youtube.com/watch?v=-K3N3RMF-Jo", "title": "\u0414\u043e\u043a\u0430\u0437\u0430\u0442\u0435\u043b\u044c\u043d\u0430\u044f \u0433\u0435\u043e\u043c\u0435\u0442\u0440\u0438\u044f. &quot;\u042f\u043d\u0434\u0435\u043a\u0441-\u043b\u0435\u043a\u0446\u0438\u044f&quot; \u0410\u043b\u0435\u043a\u0441\u0435\u044f \u0421\u0430\u0432\u0432\u0430\u0442\u0435\u0435\u0432\u0430 - YouTube", "many_tag": [5], "areas": [2]}}, {"model": "base.url", "pk": 193, "fields": {"url": "https://www.youtube.com/watch?v=QhmeprIej-s", "title": "\u0410\u043b\u0435\u043a\u0441\u0435\u0439 \u0421\u0430\u0432\u0432\u0430\u0442\u0435\u0435\u0432. \u0420\u043e\u043b\u0438 \u043c\u0430\u0442\u0435\u043c\u0430\u0442\u0438\u043a\u0438. 1/2 \u0411\u0435\u0441\u0435\u0434\u0430. - YouTube", "many_tag": [], "areas": []}}, {"model": "base.url", "pk": 194, "fields": {"url": "https://www.youtube.com/watch?v=RE5GLBex3zo", "title": "&quot;\u0416\u0438\u0437\u043d\u044c \u043f\u043e\u0441\u043b\u0435 \u0432\u0435\u043b\u0438\u043a\u043e\u0439 \u0442\u0435\u043e\u0440\u0435\u043c\u044b \u0424\u0435\u0440\u043c\u0430: \u0410\u0412\u0421-\u0433\u0438\u043f\u043e\u0442\u0435\u0437\u0430&quot; - YouTube", "many_tag": [5], "areas": [5]}}, {"model": "base.url", "pk": 195, "fields": {"url": "https://www.youtube.com/watch?v=0MjfSCPjJHQ", "title": "\u0410\u043b\u0435\u043a\u0441\u0435\u0439 \u0421\u0430\u0432\u0432\u0430\u0442\u0435\u0435\u0432. \u0420\u043e\u043b\u0438 \u043c\u0430\u0442\u0435\u043c\u0430\u0442\u0438\u043a\u0438. 2/2 \u0417\u0430\u0434\u0430\u0447\u0430. - YouTube", "many_tag": [], "areas": []}}, {"model": "base.url", "pk": 196, "fields": {"url": "https://www.youtube.com/watch?v=NzE3K_PHJNw", "title": "\u041b\u0435\u043a\u0446\u0438\u044f \u0410\u043b\u0435\u043a\u0441\u0435\u044f \u0421\u0430\u0432\u0432\u0430\u0442\u0435\u0435\u0432\u0430 \u00ab\u041c\u0430\u0442\u0435\u043c\u0430\u0442\u0438\u043a\u0430 \u0432\u043e\u043a\u0440\u0443\u0433 \u043d\u0430\u0441: FAQ\u00bb - YouTube", "many_tag": [5], "areas": []}}, {"model": "base.url", "pk": 197, "fields": {"url": "https://www.youtube.com/watch?v=jdfxeuSGe-8", "title": "\u041c\u0430\u0442\u0435\u043c\u0430\u0442\u0438\u043a\u0430 \u0432\u043e\u043a\u0440\u0443\u0433 \u043d\u0430\u0441: FAQ - YouTube", "many_tag": [5], "areas": []}}, {"model": "base.url", "pk": 198, "fields": {"url": "https://www.youtube.com/watch?v=slaH2Gu7Nn0&t=2s", "title": "\u0410\u043b\u0435\u043a\u0441\u0435\u0439 \u0421\u0430\u0432\u0432\u0430\u0442\u0435\u0435\u0432. \u0412\u0435\u043b\u0438\u043a\u0438\u0435 \u043c\u0430\u0442\u0435\u043c\u0430\u0442\u0438\u0447\u0435\u0441\u043a\u0438\u0435 \u0440\u0435\u0432\u043e\u043b\u044e\u0446\u0438\u0438. - YouTube", "many_tag": [5], "areas": []}}, {"model": "base.url", "pk": 200, "fields": {"url": "https://www.youtube.com/channel/UClTIrwj5npeOaBjH6_AkKyA/videos", "title": "\u041c\u0430\u0442\u0435\u043c\u0430\u0442\u0438\u043a\u0430 - \u043f\u0440\u043e\u0441\u0442\u043e | \u0410\u043b\u0435\u043a\u0441\u0435\u0439 \u0421\u0430\u0432\u0432\u0430\u0442\u0435\u0435\u0432  - YouTube", "many_tag": [3], "areas": []}}, {"model": "base.url", "pk": 205, "fields": {"url": "http://www.youtube.com/playlist?list=PLlLrogFTp_4NVzrUa3wLs4eHJS17o5y-j", "title": "\u0421\u0430\u0432\u0432\u0430\u0442\u0435\u0435\u0432, \u0433\u0435\u043e\u043c\u0435\u0442\u0440\u0438\u044f \u0438 \u0433\u0440\u0443\u043f\u043f\u044b - YouTube", "many_tag": [1], "areas": [2, 4]}}, {"model": "base.url", "pk": 207, "fields": {"url": "https://www.coursera.org/learn/geometriya-i-gruppy", "title": "\u0413\u0435\u043e\u043c\u0435\u0442\u0440\u0438\u044f \u0438 \u0433\u0440\u0443\u043f\u043f\u044b | Coursera", "many_tag": [2], "areas": [2, 4]}}, {"model": "base.url", "pk": 208, "fields": {"url": "https://www.youtube.com/watch?v=Hf9MFBMxcls", "title": "\u0410\u043b\u0433\u0435\u0431\u0440\u0430 \u0434\u043b\u044f \u0432\u0441\u0435\u0445. \u0410\u043b\u0435\u043a\u0441\u0435\u0439 \u0421\u0430\u0432\u0432\u0430\u0442\u0435\u0435\u0432. [5] (\u0418\u041c\u042d\u0418 \u0418\u0413\u0423) - YouTube", "many_tag": [5], "areas": [10]}}, {"model": "base.url", "pk": 209, "fields": {"url": "https://www.youtube.com/watch?v=208C8qnr9so", "title": "\u0418\u0437\u0431\u0440\u0430\u043d\u043d\u044b\u0435 \u0432\u043e\u043f\u0440\u043e\u0441\u044b \u043d\u0435\u0435\u0432\u043a\u043b\u0438\u0434\u043e\u0432\u043e\u0439 \u0433\u0435\u043e\u043c\u0435\u0442\u0440\u0438\u0438. \u041b\u0435\u043a\u0446\u0438\u044f 6 (\u0410\u043b\u0435\u043a\u0441\u0435\u0439 \u0421\u0430\u0432\u0432\u0430\u0442\u0435\u0435\u0432, \u0426\u042d\u041c\u0418 \u0420\u0410\u041d, \u0418\u0413\u0423) - YouTube", "many_tag": [5], "areas": [2]}}, {"model": "base.url", "pk": 221, "fields": {"url": "http://bunchofquestions.com/alexey_savvateev_matematika", "title": "\u0410\u043b\u0435\u043a\u0441\u0435\u0439 \u0421\u0430\u0432\u0432\u0430\u0442\u0435\u0435\u0432. \u0418\u043d\u0442\u0435\u0440\u0432\u044c\u044e + \u0444\u043e\u0442\u043e", "many_tag": [4], "areas": []}}, {"model": "base.url", "pk": 230, "fields": {"url": "https://vk.com/baikalreadings?w=wall-49284819_1836", "title": "\u0410\u041b\u0415\u041a\u0421\u0415\u0419 \u0421\u0410\u0412\u0412\u0410\u0422\u0415\u0415\u0412 \"\u041c\u0410\u0422\u0415\u041c\u0410\u0422\u0418\u041a\u0410 \u0414\u041b\u042f \u0412\u0421\u0415\u0425\". \u041a\u0420\u0410\u0422\u041a\u0418\u0419 \u041a\u0423\u0420\u0421 \u0418\u0417 6 \u041b\u0415\u041a\u0426\u0418\u0419", "many_tag": [1, 2], "areas": [14]}}, {"model": "base.url", "pk": 231, "fields": {"url": "https://vk.com/baikalreadings", "title": "\u0411\u0430\u0439\u043a\u0430\u043b\u044c\u0441\u043a\u0438\u0435 \u0447\u0442\u0435\u043d\u0438\u044f", "many_tag": [3], "areas": []}}, {"model": "base.url", "pk": 233, "fields": {"url": "https://www.youtube.com/watch?v=-yFBx6GDOY8", "title": "\u0417\u0430\u0434\u0430\u0447\u0430 \u042d\u0440\u0434\u0451\u0448\u0430 \u043e \u0440\u0430\u0432\u043d\u044b\u0445 \u0440\u0430\u0441\u0441\u0442\u043e\u044f\u043d\u0438\u044f\u0445 - YouTube", "many_tag": [5], "areas": []}}, {"model": "base.url", "pk": 234, "fields": {"url": "http://vk.com/video8733459_163989343", "title": "\u0410\u043b\u0435\u043a\u0441\u0435\u0439 \u0421\u0430\u0432\u0432\u0430\u0442\u0435\u0435\u0432 \u0432 \"\u0423\u0442\u0440\u0435\u043d\u043d\u0435\u043c \u041a\u043e\u043a\u0442\u0435\u0439\u043b\u0435\"", "many_tag": [4], "areas": []}}, {"model": "base.url", "pk": 235, "fields": {"url": "http://youtu.be/tpiDLOgX4WI?list=PLgEpoT7yAl9XxTtnyjM7goqjFrGWkdbZk", "title": "\u0410\u043b\u0435\u043a\u0441\u0435\u0439 \u0421\u0430\u0432\u0432\u0430\u0442\u0435\u0435\u0432. \u041e\u0440\u0434\u0438\u043d\u0430\u043b\u044c\u043d\u0430\u044f \u0441\u0440\u0430\u0432\u043d\u0438\u0442\u0435\u043b\u044c\u043d\u0430\u044f \u0441\u0442\u0430\u0442\u0438\u043a\u0430 - YouTube", "many_tag": [1], "areas": [3]}}, {"model": "base.url", "pk": 236, "fields": {"url": "http://vk.com/video223315642_167011072", "title": "\u0424\u0443\u0442\u0443\u0440\u043e\u043b\u043e\u0433\u0438\u0447\u0435\u0441\u043a\u0438\u0439 \u043a\u043e\u043d\u0433\u0440\u0435\u0441\u0441", "many_tag": [6], "areas": []}}, {"model": "base.url", "pk": 238, "fields": {"url": "https://www.youtube.com/watch?v=TPM0M0ZFvWg", "title": "\u0421\u0430\u0432\u0432\u0430\u0442\u0435\u0435\u0432 \u0410.\u0412. - \u0417\u0430\u0434\u0430\u0447\u0430 \u043e \u043a\u043e\u043b\u043b\u0435\u043a\u0442\u0438\u0432\u043d\u043e\u0439 \u043e\u0442\u0432\u0435\u0442\u0441\u0442\u0432\u0435\u043d\u043d\u043e\u0441\u0442\u0438: \u043e\u0442 \u0442\u0435\u043e\u0440\u0438\u0438 \u0438\u0433\u0440 \u043a \u0442\u0435\u043e\u0440\u0438\u0438 \u0443\u043f\u0440\u0430\u0432\u043b\u0435\u043d\u0438\u044f - YouTube", "many_tag": [5], "areas": [1, 9]}}, {"model": "base.url", "pk": 275, "fields": {"url": "https://youtube.com/watch?v=TyJ50i95xCM", "title": "\u041f\u0420\u041e\u0424\u0415\u0421\u0421\u0418\u042f \u041c\u0410\u0422\u0415\u041c\u0410\u0422\u0418\u041a\u0410. \u0412\u043e\u0441\u0442\u0440\u0435\u0431\u043e\u0432\u0430\u043d\u044b \u043b\u0438 \u043c\u0430\u0442\u0435\u043c\u0430\u0442\u0438\u043a\u0438? \u0413\u0435\u043d\u0438\u0430\u043b\u044c\u043d\u043e\u0441\u0442\u044c \u0438\u043b\u0438 \u0442\u044f\u0436\u0435\u043b\u044b\u0439 \u0442\u0440\u0443\u0434? - YouTube", "many_tag": [4], "areas": []}}, {"model": "base.url", "pk": 395, "fields": {"url": "https://www.youtube.com/playlist?list=PLlh_pleAsftshEYRYymzrleEMAZIT6Xgv", "title": "100 \u0443\u0440\u043e\u043a\u043e\u0432 \u043c\u0430\u0442\u0435\u043c\u0430\u0442\u0438\u043a\u0438 - YouTube", "many_tag": [1], "areas": [15]}}, {"model": "base.url", "pk": 396, "fields": {"url": "https://www.youtube.com/channel/UCkeWYPPkCTGvS_Nurt-sRtQ", "title": "\u0424\u0438\u043b\u0438\u043f\u043f\u043e\u0432\u0441\u043a\u0430\u044f \u0448\u043a\u043e\u043b\u0430  - YouTube", "many_tag": [3], "areas": []}}, {"model": "base.url", "pk": 397, "fields": {"url": "https://www.youtube.com/channel/UClTIrwj5npeOaBjH6_AkKyA", "title": "\u041c\u0430\u0442\u0435\u043c\u0430\u0442\u0438\u043a\u0430 - \u043f\u0440\u043e\u0441\u0442\u043e | \u0410\u043b\u0435\u043a\u0441\u0435\u0439 \u0421\u0430\u0432\u0432\u0430\u0442\u0435\u0435\u0432  - YouTube", "many_tag": [3], "areas": []}}, {"model": "base.url", "pk": 399, "fields": {"url": "https://vk.com/@ologysh-pochemu-matematika-takaya-slozhnaya", "title": "\u041f\u043e\u0447\u0435\u043c\u0443 \u043c\u0430\u0442\u0435\u043c\u0430\u0442\u0438\u043a\u0430 \u0442\u0430\u043a\u0430\u044f \u0441\u043b\u043e\u0436\u043d\u0430\u044f?", "many_tag": [4], "areas": []}}, {"model": "base.url", "pk": 533, "fields": {"url": "https://vk.com/videos8733459?section=album_46010985", "title": "\u0412\u0438\u0434\u0435\u043e\u043a\u043e\u043b\u043b\u0435\u043a\u0446\u0438\u044f \u0410\u043b\u0435\u043a\u0441\u0430\u043d\u0434\u0440\u0430 \u0424\u0438\u043b\u0430\u0442\u043e\u0432\u0430", "many_tag": [3], "areas": []}}, {"model": "base.url", "pk": 534, "fields": {"url": "http://youtube.com/sibscience", "title": "sibscience  - YouTube", "many_tag": [3], "areas": []}}, {"model": "base.url", "pk": 535, "fields": {"url": "http://youtube.com/alexanderfilatov", "title": "alexanderfilatov  - YouTube", "many_tag": [3], "areas": []}}, {"model": "base.url", "pk": 651, "fields": {"url": "https://www.lektorium.tv/lecture/13001", "title": "\u0422\u0435\u043e\u0440\u0438\u044f \u0434\u0438\u043d\u0430\u043c\u0438\u0447\u0435\u0441\u043a\u0438\u0445 \u0438\u0433\u0440", "many_tag": [1, 5], "areas": [1]}}, {"model": "base.url", "pk": 652, "fields": {"url": "https://www.youtube.com/watch?v=6c8DODy-HO0", "title": "\u041a\u0440\u0443\u0433\u043b\u044b\u0439 \u0441\u0442\u043e\u043b \u201c\u041a\u043b\u0430\u0441\u0441\u0438\u0447\u0435\u0441\u043a\u0438\u0439 \u0443\u043d\u0438\u0432\u0435\u0440\u0441\u0438\u0442\u0435\u0442: \u0434\u043b\u044f \u0447\u0435\u0433\u043e \u0438 \u0434\u043b\u044f \u043a\u043e\u0433\u043e?\u201d. 13 \u043e\u043a\u0442\u044f\u0431\u0440\u044f 2016 \u0433.", "many_tag": [6], "areas": []}}, {"model": "base.url", "pk": 653, "fields": {"url": "https://www.youtube.com/playlist?list=PLSl-Hc01KsrEMq7DiQPecJRpVD64AM4Ee", "title": "\u0410\u043b\u0435\u043a\u0441\u0435\u0439 \u0421\u0430\u0432\u0432\u0430\u0442\u0435\u0435\u0432 \u043d\u0430 \u043f\u0440\u043e\u0435\u043a\u0442\u0435 \"\u041c\u042bSLI TV\"", "many_tag": [4], "areas": [14]}}, {"model": "allmath.allmaththeme", "pk": 1, "fields": {"title": "\u041f\u0438\u0444\u0430\u0433\u043e\u0440\u043e\u0432\u044b \u0442\u0440\u043e\u0439\u043a\u0438", "depends": []}}, {"model": "allmath.allmaththeme", "pk": 2, "fields": {"title": "\u0427\u0442\u043e \u0442\u0430\u043a\u043e\u0435 \u0447\u0438\u0441\u043b\u043e?", "depends": [3]}}, {"model": "allmath.allmaththeme", "pk": 3, "fields": {"title": "\u0422\u0435\u043e\u0440\u0438\u044f \u0430\u043b\u0433\u0435\u0431\u0440\u0430\u0438\u0447\u0435\u0441\u043a\u0438\u0445 \u0447\u0438\u0441\u0435\u043b", "depends": [2]}}, {"model": "allmath.allmaththeme", "pk": 4, "fields": {"title": "\u041c\u0430\u0442\u0430\u043d", "depends": []}}, {"model": "allmath.allmaththeme", "pk": 5, "fields": {"title": "\u041a\u0430\u043d\u0442\u043e\u0440\u043e\u0432\u0430 \u0442\u0435\u043e\u0440\u0438\u044f \u043c\u043d\u043e\u0436\u0435\u0441\u0442\u0432", "depends": []}}, {"model": "allmath.allmaththeme", "pk": 6, "fields": {"title": "\u041f\u0435\u0440\u0435\u0441\u0442\u0430\u043d\u043e\u0432\u043a\u0438", "depends": []}}, {"model": "allmath.allmaththeme", "pk": 7, "fields": {"title": "\u0422\u0435\u043e\u0440\u0438\u044f \u0433\u0440\u0443\u043f\u043f", "depends": [8]}}, {"model": "allmath.allmaththeme", "pk": 8, "fields": {"title": "\u0426\u0435\u043b\u044b\u0435 \u0447\u0438\u0441\u043b\u0430", "depends": [7]}}, {"model": "allmath.allmathvideo", "pk": 1, "fields": {"number": 1, "video": "https://www.youtube.com/watch?v=IACUFpRksFg", "title": "\u041d\u0430\u0447\u0430\u043b\u044c\u043d\u0430\u044f \u043c\u0430\u0442\u0435\u043c\u0430\u0442\u0438\u0447\u0435\u0441\u043a\u0430\u044f \u043f\u043e\u0434\u0433\u043e\u0442\u043e\u0432\u043a\u0430", "theme": [2]}}, {"model": "allmath.allmathvideo", "pk": 2, "fields": {"number": 2, "video": "https://www.youtube.com/watch?v=THISzILbEek", "title": "\u0426\u0435\u043b\u044b\u0435 \u0447\u0438\u0441\u043b\u0430", "theme": [2]}}, {"model": "allmath.allmathvideo", "pk": 3, "fields": {"number": 3, "video": "https://www.youtube.com/watch?v=_5Ffp0pP57g", "title": "\u0427\u0442\u043e \u0442\u0430\u043a\u043e\u0435 \u0433\u0440\u0443\u043f\u043f\u0430?", "theme": [7]}}, {"model": "allmath.allmathvideo", "pk": 4, "fields": {"number": 4, "video": "https://www.youtube.com/watch?v=YB3YtOCFwQQ", "title": "\u0426\u0435\u043b\u044b\u0435 \u0447\u0438\u0441\u043b\u0430 \u043a\u0430\u043a \u0433\u0440\u0443\u043f\u043f\u0430", "theme": [2, 7]}}, {"model": "allmath.allmathvideo", "pk": 5, "fields": {"number": 5, "video": "https://www.youtube.com/watch?v=POcQwUAIBKA", "title": "\u041a\u043e\u043c\u043c\u0443\u0442\u0430\u0442\u0438\u0432\u043d\u043e\u0441\u0442\u044c \u0443\u043c\u043d\u043e\u0436\u0435\u043d\u0438\u044f. \u041f\u043e\u0434\u0433\u0440\u0443\u043f\u043f\u044b \u0446\u0435\u043b\u044b\u0445 \u0447\u0438\u0441\u0435\u043b", "theme": [8]}}, {"model": "allmath.allmathvideo", "pk": 6, "fields": {"number": 6, "video": "https://www.youtube.com/watch?v=_AMVDYE05LM", "title": "\u041f\u043e\u0434\u0433\u0440\u0443\u043f\u043f\u044b \u0446\u0435\u043b\u044b\u0445 \u0447\u0438\u0441\u0435\u043b", "theme": [7, 8]}}, {"model": "allmath.allmathvideo", "pk": 7, "fields": {"number": 7, "video": "https://www.youtube.com/watch?v=VzoHvCicu9w", "title": "\u0414\u0435\u043b\u0435\u043d\u0438\u0435 \u0441 \u043e\u0441\u0442\u0430\u0442\u043a\u043e\u043c", "theme": []}}, {"model": "allmath.allmathvideo", "pk": 8, "fields": {"number": 8, "video": "https://www.youtube.com/watch?v=je4WjNncYGc", "title": "\u041d\u0430 \u043f\u043e\u0434\u0441\u0442\u0443\u043f\u0430\u0445 \u043a \u041e\u0422\u0410", "theme": []}}, {"model": "allmath.allmathvideo", "pk": 9, "fields": {"number": 9, "video": "https://www.youtube.com/watch?v=aVcXfFNNJSo", "title": "\u0424\u043e\u0440\u043c\u0443\u043b\u0438\u0440\u043e\u0432\u043a\u0430 \u041e\u0422\u0410", "theme": []}}, {"model": "allmath.allmathvideo", "pk": 10, "fields": {"number": 10, "video": "https://www.youtube.com/watch?v=J0Gb0SvYQII", "title": "\u041e\u0422\u0410: \u041b\u0435\u043c\u043c\u0430 \u043e \u043a\u0443\u0437\u043d\u0435\u0447\u0438\u043a\u0435", "theme": []}}, {"model": "allmath.allmathvideo", "pk": 11, "fields": {"number": 11, "video": "https://www.youtube.com/watch?v=u9EhAvY5_xE", "title": "\u0414\u043e\u043a\u0430\u0437\u0430\u0442\u0435\u043b\u044c\u0441\u0442\u0432\u043e \u043b\u0435\u043c\u043c\u044b \u043e \u043a\u0443\u0437\u043d\u0435\u0447\u0438\u043a\u0435", "theme": []}}, {"model": "allmath.allmathvideo", "pk": 12, "fields": {"number": 12, "video": "https://www.youtube.com/watch?v=csVfvFFoddc", "title": "\u041e\u043f\u0440\u0435\u0434\u0435\u043b\u0435\u043d\u0438\u0435 \u0433\u0440\u0443\u043f\u043f\u044b", "theme": []}}, {"model": "allmath.allmathvideo", "pk": 13, "fields": {"number": 13, "video": "https://www.youtube.com/watch?v=CRZg_z_uckk", "title": "\u0414\u043e\u043a\u0430\u0437\u0430\u0442\u0435\u043b\u044c\u0441\u0442\u0432\u043e \u041e\u0422\u0410", "theme": []}}, {"model": "allmath.allmathvideo", "pk": 14, "fields": {"number": 14, "video": "https://www.youtube.com/watch?v=rVQSr_Pc1-s", "title": "\u0412\u043e\u043a\u0440\u0443\u0433 \u041e\u0422\u0410", "theme": []}}, {"model": "allmath.allmathvideo", "pk": 15, "fields": {"number": 15, "video": "https://www.youtube.com/watch?v=6UM2a61ZvlA", "title": "\u041f\u043b\u0430\u043d (\u0430\u043d\u043e\u043d\u0441 \u0434\u0430\u043b\u044c\u043d\u0435\u0439\u0448\u0438\u0445 \u0432\u0438\u0434\u0435\u043e)", "theme": []}}]